economy,year,id_year,urbanpop
ABW,2011,ABW 2011,43493
AFE,2011,AFE 2011,175415651
AFG,2011,AFG 2011,7004588
AFW,2011,AFW 2011,154982054
AGO,2011,AGO 2011,14683555
ALB,2011,ALB 2011,1546929
AND,2011,AND 2011,62611
ARB,2011,ARB 2011,210892180
ARE,2011,ARE 2011,7239445
ARG,2011,ARG 2011,37543830
ARM,2011,ARM 2011,1855213
ASM,2011,ASM 2011,47522
ATG,2011,ATG 2011,22292
AUS,2011,AUS 2011,19056040
AUT,2011,AUT 2011,4792887
AZE,2011,AZE 2011,4920166
BDI,2011,BDI 2011,1032093
BEL,2011,BEL 2011,10784163
BEN,2011,BEN 2011,4241480
BFA,2011,BFA 2011,4183204
BGD,2011,BGD 2011,46903386
BGR,2011,BGR 2011,5337678
BHR,2011,BHR 2011,1075052
BHS,2011,BHS 2011,311718
BIH,2011,BIH 2011,1717279
BLR,2011,BLR 2011,7114020
BLZ,2011,BLZ 2011,149043
BMU,2011,BMU 2011,64564
BOL,2011,BOL 2011,6952386
BRA,2011,BRA 2011,167726203
BRB,2011,BRB 2011,87329
BRN,2011,BRN 2011,302374
BTN,2011,BTN 2011,253839
BWA,2011,BWA 2011,1362903
CAF,2011,CAF 2011,1851877
CAN,2011,CAN 2011,27847821
CEB,2011,CEB 2011,64654506
CHE,2011,CHE 2011,5825978
CHI,2011,CHI 2011,49068
CHL,2011,CHL 2011,14963678
CHN,2011,CHN 2011,679390629
CIV,2011,CIV 2011,10296507
CMR,2011,CMR 2011,10666950
COD,2011,COD 2011,27835187
COG,2011,COG 2011,2920696
COL,2011,COL 2011,35492726
COM,2011,COM 2011,187888
CPV,2011,CPV 2011,328762
CRI,2011,CRI 2011,3410168
CSS,2011,CSS 2011,3566759
CUB,2011,CUB 2011,8664868
CUW,2011,CUW 2011,135409
CYM,2011,CYM 2011,55492
CYP,2011,CYP 2011,771857
CZE,2011,CZE 2011,7681562
DEU,2011,DEU 2011,61940177
DJI,2011,DJI 2011,721944
DMA,2011,DMA 2011,47012
DNK,2011,DNK 2011,4844002
DOM,2011,DOM 2011,7410669
DZA,2011,DZA 2011,24935851
EAP,2011,EAP 2011,965894856
EAR,2011,EAR 2011,1266355697
EAS,2011,EAS 2011,1177159568
ECA,2011,ECA 2011,252203843
ECS,2011,ECS 2011,630961782
ECU,2011,ECU 2011,9577064
EGY,2011,EGY 2011,38356023
EMU,2011,EMU 2011,253287677
ERI,2011,ERI 2011,1147380
ESP,2011,ESP 2011,36773882
EST,2011,EST 2011,902194
ETH,2011,ETH 2011,16283910
EUU,2011,EUU 2011,322501582
FCS,2011,FCS 2011,321936916
FIN,2011,FIN 2011,4543014
FJI,2011,FJI 2011,478549
FRA,2011,FRA 2011,51375729
FRO,2011,FRO 2011,19881
FSM,2011,FSM 2011,24064
GAB,2011,GAB 2011,1525981
GBR,2011,GBR 2011,51600211
GEO,2011,GEO 2011,2100564
GHA,2011,GHA 2011,13468281
GIB,2011,GIB 2011,31701
GIN,2011,GIN 2011,3575843
GMB,2011,GMB 2011,1126672
GNB,2011,GNB 2011,651781
GNQ,2011,GNQ 2011,772460
GRC,2011,GRC 2011,8511794
GRD,2011,GRD 2011,41208
GRL,2011,GRL 2011,48217
GTM,2011,GTM 2011,7072123
GUM,2011,GUM 2011,156021
GUY,2011,GUY 2011,196477
HIC,2011,HIC 2011,943832637
HKG,2011,HKG 2011,7071600
HND,2011,HND 2011,4530522
HPC,2011,HPC 2011,213704750
HRV,2011,HRV 2011,2368126
HTI,2011,HTI 2011,4827045
HUN,2011,HUN 2011,6916190
IBD,2011,IBD 2011,2274477704
IBT,2011,IBT 2011,2755915238
IDA,2011,IDA 2011,481437534
IDB,2011,IDB 2011,188744530
IDN,2011,IDN 2011,125020092
IDX,2011,IDX 2011,292693004
IMN,2011,IMN 2011,43872
IND,2011,IND 2011,393333604
IRL,2011,IRL 2011,2827835
IRN,2011,IRN 2011,54356195
IRQ,2011,IRQ 2011,22427635
ISL,2011,ISL 2011,298556
ISR,2011,ISR 2011,7136149
ITA,2011,ITA 2011,40641670
JAM,2011,JAM 2011,1481009
JOR,2011,JOR 2011,6197912
JPN,2011,JPN 2011,116416235
KAZ,2011,KAZ 2011,9421048
KEN,2011,KEN 2011,10219218
KGZ,2011,KGZ 2011,1949521
KHM,2011,KHM 2011,3011402
KIR,2011,KIR 2011,52996
KNA,2011,KNA 2011,14837
KOR,2011,KOR 2011,40909592
KWT,2011,KWT 2011,3143825
LAC,2011,LAC 2011,418269352
LAO,2011,LAO 2011,1967246
LBN,2011,LBN 2011,4413617
LBR,2011,LBR 2011,2015022
LBY,2011,LBY 2011,4843884
LCA,2011,LCA 2011,31761
LCN,2011,LCN 2011,469524671
LDC,2011,LDC 2011,259055552
LIC,2011,LIC 2011,168676091
LIE,2011,LIE 2011,5215
LKA,2011,LKA 2011,3714770
LMC,2011,LMC 2011,1130922560
LMY,2011,LMY 2011,2699096714
LSO,2011,LSO 2011,515736
LTE,2011,LTE 2011,1234916745
LTU,2011,LTU 2011,2020994
LUX,2011,LUX 2011,460842
LVA,2011,LVA 2011,1397904
MAC,2011,MAC 2011,571003
MAR,2011,MAR 2011,19275316
MCO,2011,MCO 2011,33945
MDA,2011,MDA 2011,1218343
MDG,2011,MDG 2011,7281030
MDV,2011,MDV 2011,137977
MEA,2011,MEA 2011,254476115
MEX,2011,MEX 2011,89164082
MHL,2011,MHL 2011,39219
MIC,2011,MIC 2011,2530420623
MKD,2011,MKD 2011,1175261
MLI,2011,MLI 2011,5902462
MLT,2011,MLT 2011,391879
MMR,2011,MMR 2011,14477757
MNA,2011,MNA 2011,206452895
MNE,2011,MNE 2011,399777
MNG,2011,MNG 2011,1864863
MNP,2011,MNP 2011,47808
MOZ,2011,MOZ 2011,7683170
MRT,2011,MRT 2011,1673772
MUS,2011,MUS 2011,519046
MWI,2011,MWI 2011,2373696
MYS,2011,MYS 2011,20898466
NAC,2011,NAC 2011,280120518
NAM,2011,NAM 2011,909166
NCL,2011,NCL 2011,171852
NER,2011,NER 2011,2802629
NGA,2011,NGA 2011,73409645
NIC,2011,NIC 2011,3393970
NLD,2011,NLD 2011,14669707
NOR,2011,NOR 2011,3935476
NPL,2011,NPL 2011,4664736
NRU,2011,NRU 2011,10283
NZL,2011,NZL 2011,3774624
OED,2011,OED 2011,1027761520
OMN,2011,OMN 2011,2443090
OSS,2011,OSS 2011,15699289
PAK,2011,PAK 2011,69912136
PAN,2011,PAN 2011,2413758
PER,2011,PER 2011,22584945
PHL,2011,PHL 2011,43854945
PLW,2011,PLW 2011,13773
PNG,2011,PNG 2011,1014863
POL,2011,POL 2011,23134846
PRE,2011,PRE 2011,285809783
PRI,2011,PRI 2011,3449657
PRK,2011,PRK 2011,15008319
PRT,2011,PRT 2011,6457743
PRY,2011,PRY 2011,3482053
PSE,2011,PSE 2011,2888204
PSS,2011,PSS 2011,864348
PST,2011,PST 2011,863058781
PYF,2011,PYF 2011,173695
QAT,2011,QAT 2011,1778949
ROU,2011,ROU 2011,10871606
RUS,2011,RUS 2011,105407937
RWA,2011,RWA 2011,1791521
SAS,2011,SAS 2011,525925036
SAU,2011,SAU 2011,24814831
SDN,2011,SDN 2011,11429725
SEN,2011,SEN 2011,5689594
SGP,2011,SGP 2011,5183688
SLB,2011,SLB 2011,113557
SLE,2011,SLE 2011,2595229
SLV,2011,SLV 2011,4070597
SMR,2011,SMR 2011,31183
SOM,2011,SOM 2011,5008903
SRB,2011,SRB 2011,3994308
SSA,2011,SSA 2011,330350732
SSD,2011,SSD 2011,1847027
SSF,2011,SSF 2011,330397705
SST,2011,SST 2011,20130396
STP,2011,STP 2011,122908
SUR,2011,SUR 2011,365940
SVK,2011,SVK 2011,2937801
SVN,2011,SVN 2011,1085605
SWE,2011,SWE 2011,8059895
SWZ,2011,SWZ 2011,250919
SXM,2011,SXM 2011,33435
SYC,2011,SYC 2011,46973
SYR,2011,SYR 2011,12406434
TCA,2011,TCA 2011,27940
TCD,2011,TCD 2011,2716552
TEA,2011,TEA 2011,950849298
TEC,2011,TEC 2011,288578421
TGO,2011,TGO 2011,2566655
THA,2011,THA 2011,30713268
TJK,2011,TJK 2011,2064612
TKM,2011,TKM 2011,2617416
TLA,2011,TLA 2011,456600087
TLS,2011,TLS 2011,312513
TMN,2011,TMN 2011,203564691
TON,2011,TON 2011,25227
TSA,2011,TSA 2011,525925036
TSS,2011,TSS 2011,330397705
TTO,2011,TTO 2011,764482
TUN,2011,TUN 2011,7384954
TUR,2011,TUR 2011,52961615
TUV,2011,TUV 2011,5971
TZA,2011,TZA 2011,13366889
UGA,2011,UGA 2011,6625186
UKR,2011,UKR 2011,31395053
UMC,2011,UMC 2011,1399498063
URY,2011,URY 2011,3180512
USA,2011,USA 2011,252208133
UZB,2011,UZB 2011,15007103
VCT,2011,VCT 2011,53651
VEN,2011,VEN 2011,25636044
VGB,2011,VGB 2011,12626
VIR,2011,VIR 2011,102617
VNM,2011,VNM 2011,27458906
VUT,2011,VUT 2011,61720
WLD,2011,WLD 2011,3668565395
WSM,2011,WSM 2011,38989
YEM,2011,YEM 2011,8244926
ZAF,2011,ZAF 2011,32906089
ZMB,2011,ZMB 2011,5685070
ZWE,2011,ZWE 2011,4300463
ABW,2012,ABW 2012,43864
AFE,2012,AFE 2012,182558745
AFG,2012,AFG 2012,7360701
AFW,2012,AFW 2012,161743874
AGO,2012,AGO 2012,15432363
ALB,2012,ALB 2012,1575788
AND,2012,AND 2012,62940
ARB,2012,ARB 2012,216302063
ARE,2012,ARE 2012,7343475
ARG,2012,ARG 2012,38027774
ARM,2012,ARM 2012,1843080
ASM,2012,ASM 2012,46937
ATG,2012,ATG 2012,22380
AUS,2012,AUS 2012,19414834
AUT,2012,AUT 2012,4817487
AZE,2012,AZE 2012,5008847
BDI,2012,BDI 2012,1096506
BEL,2012,BEL 2012,10856360
BEN,2012,BEN 2012,4418712
BFA,2012,BFA 2012,4409695
BGD,2012,BGD 2012,48658361
BGR,2012,BGR 2012,5331472
BHR,2012,BHR 2012,1087280
BHS,2012,BHS 2012,315323
BIH,2012,BIH 2012,1697524
BLR,2012,BLR 2012,7150971
BLZ,2012,BLZ 2012,152506
BMU,2012,BMU 2012,64798
BOL,2012,BOL 2012,7114992
BRA,2012,BRA 2012,169827068
BRB,2012,BRB 2012,87148
BRN,2012,BRN 2012,307643
BTN,2012,BTN 2012,262288
BWA,2012,BWA 2012,1408979
CAF,2012,CAF 2012,1880110
CAN,2012,CAN 2012,28166078
CEB,2012,CEB 2012,64524893
CHE,2012,CHE 2012,5889928
CHI,2012,CHI 2012,49266
CHL,2012,CHL 2012,15120117
CHN,2012,CHN 2012,700996454
CIV,2012,CIV 2012,10603000
CMR,2012,CMR 2012,11098737
COD,2012,COD 2012,29167345
COG,2012,COG 2012,3024450
COL,2012,COL 2012,36031220
COM,2012,COM 2012,192517
CPV,2012,CPV 2012,335379
CRI,2012,CRI 2012,3502521
CSS,2012,CSS 2012,3594354
CUB,2012,CUB 2012,8683386
CUW,2012,CUW 2012,136353
CYM,2012,CYM 2012,56860
CYP,2012,CYP 2012,777911
CZE,2012,CZE 2012,7693579
DEU,2012,DEU 2012,62064608
DJI,2012,DJI 2012,736126
DMA,2012,DMA 2012,47316
DNK,2012,DNK 2012,4872608
DOM,2012,DOM 2012,7603609
DZA,2012,DZA 2012,25678117
EAP,2012,EAP 2012,994473135
EAR,2012,EAR 2012,1295870129
EAS,2012,EAS 2012,1206613250
ECA,2012,ECA 2012,254248697
ECS,2012,ECS 2012,634989639
ECU,2012,ECU 2012,9752988
EGY,2012,EGY 2012,39184092
EMU,2012,EMU 2012,254568545
ERI,2012,ERI 2012,1183034
ESP,2012,ESP 2012,36904876
EST,2012,EST 2012,899089
ETH,2012,ETH 2012,17152352
EUU,2012,EUU 2012,323810708
FCS,2012,FCS 2012,332341553
FIN,2012,FIN 2012,4593267
FJI,2012,FJI 2012,484647
FRA,2012,FRA 2012,51793062
FRO,2012,FRO 2012,19950
FSM,2012,FSM 2012,24162
GAB,2012,GAB 2012,1591211
GBR,2012,GBR 2012,52130345
GEO,2012,GEO 2012,2099468
GHA,2012,GHA 2012,13986163
GIB,2012,GIB 2012,32160
GIN,2012,GIN 2012,3695666
GMB,2012,GMB 2012,1176942
GNB,2012,GNB 2012,676093
GNQ,2012,GNQ 2012,823609
GRC,2012,GRC 2012,8505100
GRD,2012,GRD 2012,41576
GRL,2012,GRL 2012,48402
GTM,2012,GTM 2012,7243152
GUM,2012,GUM 2012,156869
GUY,2012,GUY 2012,196407
HIC,2012,HIC 2012,951139649
HKG,2012,HKG 2012,7150100
HND,2012,HND 2012,4677715
HPC,2012,HPC 2012,222680240
HRV,2012,HRV 2012,2368751
HTI,2012,HTI 2012,5001402
HUN,2012,HUN 2012,6912310
IBD,2012,IBD 2012,2326601285
IBT,2012,IBT 2012,2825400876
IDA,2012,IDA 2012,498799591
IDB,2012,IDB 2012,195246877
IDN,2012,IDN 2012,128304189
IDX,2012,IDX 2012,303552714
IMN,2012,IMN 2012,43895
IND,2012,IND 2012,403171286
IRL,2012,IRL 2012,2849043
IRN,2012,IRN 2012,55484160
IRQ,2012,IRQ 2012,23512763
ISL,2012,ISL 2012,300190
ISR,2012,ISR 2012,7274496
ITA,2012,ITA 2012,40894259
JAM,2012,JAM 2012,1493944
JOR,2012,JOR 2012,6359781
JPN,2012,JPN 2012,116331281
KAZ,2012,KAZ 2012,9566957
KEN,2012,KEN 2012,10658602
KGZ,2012,KGZ 2012,1986238
KHM,2012,KHM 2012,3110665
KIR,2012,KIR 2012,54784
KNA,2012,KNA 2012,14825
KOR,2012,KOR 2012,41089082
KWT,2012,KWT 2012,3394663
LAC,2012,LAC 2012,424604252
LAO,2012,LAO 2012,2034912
LBN,2012,LBN 2012,4538087
LBR,2012,LBR 2012,2104489
LBY,2012,LBY 2012,4608552
LCA,2012,LCA 2012,31941
LCN,2012,LCN 2012,476387252
LDC,2012,LDC 2012,269849448
LIC,2012,LIC 2012,174842240
LIE,2012,LIE 2012,5245
LKA,2012,LKA 2012,3716533
LMC,2012,LMC 2012,1161654015
LMY,2012,LMY 2012,2768319922
LSO,2012,LSO 2012,528145
LTE,2012,LTE 2012,1263628106
LTU,2012,LTU 2012,1997745
LUX,2012,LUX 2012,473864
LVA,2012,LVA 2012,1381242
MAC,2012,MAC 2012,582766
MAR,2012,MAR 2012,19725140
MCO,2012,MCO 2012,34700
MDA,2012,MDA 2012,1217297
MDG,2012,MDG 2012,7630993
MDV,2012,MDV 2012,144424
MEA,2012,MEA 2012,260609701
MEX,2012,MEX 2012,90758420
MHL,2012,MHL 2012,38890
MIC,2012,MIC 2012,2593477682
MKD,2012,MKD 2012,1177371
MLI,2012,MLI 2012,6209357
MLT,2012,MLT 2012,395713
MMR,2012,MMR 2012,14696854
MNA,2012,MNA 2012,211056972
MNE,2012,MNE 2012,402174
MNG,2012,MNG 2012,1899635
MNP,2012,MNP 2012,47703
MOZ,2012,MOZ 2012,8043201
MRT,2012,MRT 2012,1759879
MUS,2012,MUS 2012,519081
MWI,2012,MWI 2012,2463707
MYS,2012,MYS 2012,21436918
NAC,2012,NAC 2012,282845297
NAM,2012,NAM 2012,947033
NCL,2012,NCL 2012,176182
NER,2012,NER 2012,2910768
NGA,2012,NGA 2012,76952556
NIC,2012,NIC 2012,3456081
NLD,2012,NLD 2012,14842886
NOR,2012,NOR 2012,4008535
NPL,2012,NPL 2012,4771393
NRU,2012,NRU 2012,10444
NZL,2012,NZL 2012,3798063
OED,2012,OED 2012,1036720452
OMN,2012,OMN 2012,2742336
OSS,2012,OSS 2012,16177235
PAK,2012,PAK 2012,71597051
PAN,2012,PAN 2012,2468484
PER,2012,PER 2012,22848874
PHL,2012,PHL 2012,44812533
PLW,2012,PLW 2012,13674
PNG,2012,PNG 2012,1042006
POL,2012,POL 2012,23086831
PRE,2012,PRE 2012,298783720
PRI,2012,PRI 2012,3406460
PRK,2012,PRK 2012,15116334
PRT,2012,PRT 2012,6494283
PRY,2012,PRY 2012,3548485
PSE,2012,PSE 2012,2969835
PSS,2012,PSS 2012,879357
PST,2012,PST 2012,868544525
PYF,2012,PYF 2012,176132
QAT,2012,QAT 2012,1880829
ROU,2012,ROU 2012,10826124
RUS,2012,RUS 2012,105669982
RWA,2012,RWA 2012,1836678
SAS,2012,SAS 2012,539682037
SAU,2012,SAU 2012,25433937
SDN,2012,SDN 2012,11724384
SEN,2012,SEN 2012,5901794
SGP,2012,SGP 2012,5312437
SLB,2012,SLB 2012,119060
SLE,2012,SLE 2012,2691132
SLV,2012,SLV 2012,4139585
SMR,2012,SMR 2012,31863
SOM,2012,SOM 2012,5169951
SRB,2012,SRB 2012,3985121
SSA,2012,SSA 2012,344254829
SSD,2012,SSD 2012,1949511
SSF,2012,SSF 2012,344302619
SST,2012,SST 2012,20650946
STP,2012,STP 2012,127553
SUR,2012,SUR 2012,369514
SVK,2012,SVK 2012,2935234
SVN,2012,SVN 2012,1092516
SWE,2012,SWE 2012,8150488
SWZ,2012,SWZ 2012,253954
SXM,2012,SXM 2012,34640
SYC,2012,SYC 2012,47790
SYR,2012,SYR 2012,12106417
TCA,2012,TCA 2012,29223
TCD,2012,TCD 2012,2824191
TEA,2012,TEA 2012,979320308
TEC,2012,TEC 2012,290530403
TGO,2012,TGO 2012,2669941
THA,2012,THA 2012,31428409
TJK,2012,TJK 2012,2112022
TKM,2012,TKM 2012,2684307
TLA,2012,TLA 2012,463478372
TLS,2012,TLS 2012,323419
TMN,2012,TMN 2012,208087137
TON,2012,TON 2012,25193
TSA,2012,TSA 2012,539682037
TSS,2012,TSS 2012,344302619
TTO,2012,TTO 2012,767698
TUN,2012,TUN 2012,7511197
TUR,2012,TUR 2012,54180184
TUV,2012,TUV 2012,6167
TZA,2012,TZA 2012,14093565
UGA,2012,UGA 2012,6999978
UKR,2012,UKR 2012,31360012
UMC,2012,UMC 2012,1431823667
URY,2012,URY 2012,3193778
USA,2012,USA 2012,254614421
UZB,2012,UZB 2012,15199882
VCT,2012,VCT 2012,53776
VEN,2012,VEN 2012,25970224
VGB,2012,VGB 2012,12932
VIR,2012,VIR 2012,102691
VNM,2012,VNM 2012,28354957
VUT,2012,VUT 2012,63456
WLD,2012,WLD 2012,3745429795
WSM,2012,WSM 2012,38880
YEM,2012,YEM 2012,8642705
ZAF,2012,ZAF 2012,33625925
ZMB,2012,ZMB 2012,5950059
ZWE,2012,ZWE 2012,4355539
ABW,2013,ABW 2013,44228
AFE,2013,AFE 2013,190108665
AFG,2013,AFG 2013,7687539
AFW,2013,AFW 2013,168643432
AGO,2013,AGO 2013,16211664
ALB,2013,ALB 2013,1603505
AND,2013,AND 2013,63186
ARB,2013,ARB 2013,222497540
ARE,2013,ARE 2013,7444846
ARG,2013,ARG 2013,38509756
ARM,2013,ARM 2013,1832631
ASM,2013,ASM 2013,46290
ATG,2013,ATG 2013,22434
AUS,2013,AUS 2013,19775013
AUT,2013,AUT 2013,4861991
AZE,2013,AZE 2013,5098727
BDI,2013,BDI 2013,1165374
BEL,2013,BEL 2013,10912673
BEN,2013,BEN 2013,4602023
BFA,2013,BFA 2013,4646488
BGD,2013,BGD 2013,50463354
BGR,2013,BGR 2013,5326274
BHR,2013,BHR 2013,1120807
BHS,2013,BHS 2013,318531
BIH,2013,BIH 2013,1682852
BLR,2013,BLR 2013,7195632
BLZ,2013,BLZ 2013,156082
BMU,2013,BMU 2013,65001
BOL,2013,BOL 2013,7273140
BRA,2013,BRA 2013,171885100
BRB,2013,BRB 2013,87016
BRN,2013,BRN 2013,312881
BTN,2013,BTN 2013,270775
BWA,2013,BWA 2013,1453914
CAF,2013,CAF 2013,1904787
CAN,2013,CAN 2013,28479640
CEB,2013,CEB 2013,64402919
CHE,2013,CHE 2013,5959745
CHI,2013,CHI 2013,49579
CHL,2013,CHL 2013,15276709
CHN,2013,CHN 2013,722694421
CIV,2013,CIV 2013,10918491
CMR,2013,CMR 2013,11546101
COD,2013,COD 2013,30579203
COG,2013,COG 2013,3120234
COL,2013,COL 2013,36556170
COM,2013,COM 2013,197390
CPV,2013,CPV 2013,341874
CRI,2013,CRI 2013,3592214
CSS,2013,CSS 2013,3623046
CUB,2013,CUB 2013,8698029
CUW,2013,CUW 2013,137738
CYM,2013,CYM 2013,58212
CYP,2013,CYP 2013,783467
CZE,2013,CZE 2013,7705910
DEU,2013,DEU 2013,62242278
DJI,2013,DJI 2013,750407
DMA,2013,DMA 2013,47473
DNK,2013,DNK 2013,4901386
DOM,2013,DOM 2013,7795435
DZA,2013,DZA 2013,26439316
EAP,2013,EAP 2013,1023177946
EAR,2013,EAR 2013,1326036760
EAS,2013,EAS 2013,1236097364
ECA,2013,ECA 2013,256569372
ECS,2013,ECS 2013,639571136
ECU,2013,ECU 2013,9925137
EGY,2013,EGY 2013,40052578
EMU,2013,EMU 2013,256128892
ERI,2013,ERI 2013,1218964
ESP,2013,ESP 2013,36891840
EST,2013,EST 2013,897846
ETH,2013,ETH 2013,18033421
EUU,2013,EUU 2013,325407780
FCS,2013,FCS 2013,343357557
FIN,2013,FIN 2013,4629925
FJI,2013,FJI 2013,490579
FRA,2013,FRA 2013,52230911
FRO,2013,FRO 2013,20027
FSM,2013,FSM 2013,24280
GAB,2013,GAB 2013,1657904
GBR,2013,GBR 2013,52650595
GEO,2013,GEO 2013,2107360
GHA,2013,GHA 2013,14519202
GIB,2013,GIB 2013,32411
GIN,2013,GIN 2013,3819098
GMB,2013,GMB 2013,1228599
GNB,2013,GNB 2013,701342
GNQ,2013,GNQ 2013,865086
GRC,2013,GRC 2013,8482139
GRD,2013,GRD 2013,41979
GRL,2013,GRL 2013,48322
GTM,2013,GTM 2013,7418337
GUM,2013,GUM 2013,157639
GUY,2013,GUY 2013,197319
HIC,2013,HIC 2013,958580837
HKG,2013,HKG 2013,7178900
HND,2013,HND 2013,4826031
HPC,2013,HPC 2013,232024198
HRV,2013,HRV 2013,2370674
HTI,2013,HTI 2013,5177805
HUN,2013,HUN 2013,6920508
IBD,2013,IBD 2013,2380491077
IBT,2013,IBT 2013,2896559639
IDA,2013,IDA 2013,516068562
IDB,2013,IDB 2013,201726825
IDN,2013,IDN 2013,131589503
IDX,2013,IDX 2013,314341737
IMN,2013,IMN 2013,43836
IND,2013,IND 2013,413200994
IRL,2013,IRL 2013,2873286
IRN,2013,IRN 2013,56721882
IRQ,2013,IRQ 2013,24693559
ISL,2013,ISL 2013,303150
ISR,2013,ISR 2013,7417238
ITA,2013,ITA 2013,41548775
JAM,2013,JAM 2013,1507196
JOR,2013,JOR 2013,6858003
JPN,2013,JPN 2013,116262976
KAZ,2013,KAZ 2013,9718100
KEN,2013,KEN 2013,11105820
KGZ,2013,KGZ 2013,2031430
KHM,2013,KHM 2013,3212182
KIR,2013,KIR 2013,56573
KNA,2013,KNA 2013,14791
KOR,2013,KOR 2013,41240244
KWT,2013,KWT 2013,3646518
LAC,2013,LAC 2013,430842016
LAO,2013,LAO 2013,2103788
LBN,2013,LBN 2013,4985463
LBR,2013,LBR 2013,2168719
LBY,2013,LBY 2013,4713721
LCA,2013,LCA 2013,32118
LCN,2013,LCN 2013,483150473
LDC,2013,LDC 2013,281078448
LIC,2013,LIC 2013,180779519
LIE,2013,LIE 2013,5276
LKA,2013,LKA 2013,3746058
LMC,2013,LMC 2013,1193288207
LMY,2013,LMY 2013,2839238809
LSO,2013,LSO 2013,541319
LTE,2013,LTE 2013,1292827614
LTU,2013,LTU 2013,1981238
LUX,2013,LUX 2013,486709
LVA,2013,LVA 2013,1367090
MAC,2013,MAC 2013,593374
MAR,2013,MAR 2013,20180706
MCO,2013,MCO 2013,35425
MDA,2013,MDA 2013,1216084
MDG,2013,MDG 2013,7991167
MDV,2013,MDV 2013,151014
MEA,2013,MEA 2013,267522878
MEX,2013,MEX 2013,92306597
MHL,2013,MHL 2013,38486
MIC,2013,MIC 2013,2658459290
MKD,2013,MKD 2013,1180399
MLI,2013,MLI 2013,6529209
MLT,2013,MLT 2013,401597
MMR,2013,MMR 2013,14919480
MNA,2013,MNA 2013,216421809
MNE,2013,MNE 2013,404636
MNG,2013,MNG 2013,1937464
MNP,2013,MNP 2013,47547
MOZ,2013,MOZ 2013,8423977
MRT,2013,MRT 2013,1845503
MUS,2013,MUS 2013,518842
MWI,2013,MWI 2013,2558516
MYS,2013,MYS 2013,21977315
NAC,2013,NAC 2013,285498217
NAM,2013,NAM 2013,986650
NCL,2013,NCL 2013,180545
NER,2013,NER 2013,3023310
NGA,2013,NGA 2013,80580193
NIC,2013,NIC 2013,3518949
NLD,2013,NLD 2013,14987369
NOR,2013,NOR 2013,4078226
NPL,2013,NPL 2013,4878024
NRU,2013,NRU 2013,10694
NZL,2013,NZL 2013,3830023
OED,2013,OED 2013,1045970703
OMN,2013,OMN 2013,3010674
OSS,2013,OSS 2013,16705046
PAK,2013,PAK 2013,73126866
PAN,2013,PAN 2013,2524214
PER,2013,PER 2013,23126579
PHL,2013,PHL 2013,45765340
PLW,2013,PLW 2013,13685
PNG,2013,PNG 2013,1070117
POL,2013,POL 2013,23025350
PRE,2013,PRE 2013,312300609
PRI,2013,PRI 2013,3366210
PRK,2013,PRK 2013,15230608
PRT,2013,PRT 2013,6520333
PRY,2013,PRY 2013,3615222
PSE,2013,PSE 2013,3051946
PSS,2013,PSS 2013,894479
PST,2013,PST 2013,874169758
PYF,2013,PYF 2013,177379
QAT,2013,QAT 2013,2010770
ROU,2013,ROU 2013,10778604
RUS,2013,RUS 2013,105998572
RWA,2013,RWA 2013,1881346
SAS,2013,SAS 2013,553524624
SAU,2013,SAU 2013,26048619
SDN,2013,SDN 2013,12059405
SEN,2013,SEN 2013,6120588
SGP,2013,SGP 2013,5399162
SLB,2013,SLB 2013,124818
SLE,2013,SLE 2013,2788451
SLV,2013,SLV 2013,4208463
SMR,2013,SMR 2013,32077
SOM,2013,SOM 2013,5413081
SRB,2013,SRB 2013,3973872
SSA,2013,SSA 2013,358703042
SSD,2013,SSD 2013,2045176
SSF,2013,SSF 2013,358752097
SST,2013,SST 2013,21222571
STP,2013,STP 2013,132158
SUR,2013,SUR 2013,372995
SVK,2013,SVK 2013,2930811
SVN,2013,SVN 2013,1098614
SWE,2013,SWE 2013,8250182
SWZ,2013,SWZ 2013,257202
SXM,2013,SXM 2013,36607
SYC,2013,SYC 2013,49055
SYR,2013,SYR 2013,11291540
TCA,2013,TCA 2013,30733
TCD,2013,TCD 2013,2940466
TEA,2013,TEA 2013,1007911742
TEC,2013,TEC 2013,292744000
TGO,2013,TGO 2013,2775764
THA,2013,THA 2013,32140444
TJK,2013,TJK 2013,2163443
TKM,2013,TKM 2013,2754527
TLA,2013,TLA 2013,470257313
TLS,2013,TLS 2013,334284
TMN,2013,TMN 2013,213369863
TON,2013,TON 2013,25040
TSA,2013,TSA 2013,553524624
TSS,2013,TSS 2013,358752097
TTO,2013,TTO 2013,771222
TUN,2013,TUN 2013,7627127
TUR,2013,TUR 2013,55541423
TUV,2013,TUV 2013,6312
TZA,2013,TZA 2013,14872630
UGA,2013,UGA 2013,7392635
UKR,2013,UKR 2013,31330995
UMC,2013,UMC 2013,1465171083
URY,2013,URY 2013,3206813
USA,2013,USA 2013,256953576
UZB,2013,UZB 2013,15408910
VCT,2013,VCT 2013,53890
VEN,2013,VEN 2013,26297143
VGB,2013,VGB 2013,13141
VIR,2013,VIR 2013,102715
VNM,2013,VNM 2013,29272925
VUT,2013,VUT 2013,65254
WLD,2013,WLD 2013,3824116789
WSM,2013,WSM 2013,38758
YEM,2013,YEM 2013,9055561
ZAF,2013,ZAF 2013,34367596
ZMB,2013,ZMB 2013,6225773
ZWE,2013,ZWE 2013,4426387
ABW,2014,ABW 2014,44588
AFE,2014,AFE 2014,198073341
AFG,2014,AFG 2014,8043935
AFW,2014,AFW 2014,175773257
AGO,2014,AGO 2014,17017877
ALB,2014,ALB 2014,1630119
AND,2014,AND 2014,63342
ARB,2014,ARB 2014,228834568
ARE,2014,ARE 2014,7543693
ARG,2014,ARG 2014,38990109
ARM,2014,ARM 2014,1823893
ASM,2014,ASM 2014,45579
ATG,2014,ATG 2014,22465
AUS,2014,AUS 2014,20095657
AUT,2014,AUT 2014,4916377
AZE,2014,AZE 2014,5189181
BDI,2014,BDI 2014,1235881
BEL,2014,BEL 2014,10966157
BEN,2014,BEN 2014,4794300
BFA,2014,BFA 2014,4893865
BGD,2014,BGD 2014,52301622
BGR,2014,BGR 2014,5320503
BHR,2014,BHR 2014,1165795
BHS,2014,BHS 2014,321687
BIH,2014,BIH 2014,1672688
BLR,2014,BLR 2014,7246350
BLZ,2014,BLZ 2014,159731
BMU,2014,BMU 2014,65138
BOL,2014,BOL 2014,7428682
BRA,2014,BRA 2014,173941724
BRB,2014,BRB 2014,86933
BRN,2014,BRN 2014,318042
BTN,2014,BTN 2014,279212
BWA,2014,BWA 2014,1500166
CAF,2014,CAF 2014,1917526
CAN,2014,CAN 2014,28781576
CEB,2014,CEB 2014,64285250
CHE,2014,CHE 2014,6034707
CHI,2014,CHI 2014,49875
CHL,2014,CHL 2014,15441376
CHN,2014,CHN 2014,744357517
CIV,2014,CIV 2014,11271041
CMR,2014,CMR 2014,12036424
COD,2014,COD 2014,32071811
COG,2014,COG 2014,3218363
COL,2014,COL 2014,37069292
COM,2014,COM 2014,202507
CPV,2014,CPV 2014,348451
CRI,2014,CRI 2014,3678801
CSS,2014,CSS 2014,3652047
CUB,2014,CUB 2014,8709909
CUW,2014,CUW 2014,139450
CYM,2014,CYM 2014,59559
CYP,2014,CYP 2014,788952
CZE,2014,CZE 2014,7723921
DEU,2014,DEU 2014,62510392
DJI,2014,DJI 2014,764703
DMA,2014,DMA 2014,48060
DNK,2014,DNK 2014,4932961
DOM,2014,DOM 2014,7986119
DZA,2014,DZA 2014,27217778
EAP,2014,EAP 2014,1051853331
EAR,2014,EAR 2014,1357236002
EAS,2014,EAS 2014,1265610762
ECA,2014,ECA 2014,259075459
ECS,2014,ECS 2014,644384592
ECU,2014,ECU 2014,10095187
EGY,2014,EGY 2014,40950796
EMU,2014,EMU 2014,257681423
ERI,2014,ERI 2014,1249275
ESP,2014,ESP 2014,36890017
EST,2014,EST 2014,897427
ETH,2014,ETH 2014,18949891
EUU,2014,EUU 2014,327011738
FCS,2014,FCS 2014,354372409
FIN,2014,FIN 2014,4651843
FJI,2014,FJI 2014,496380
FRA,2014,FRA 2014,52647802
FRO,2014,FRO 2014,20113
FSM,2014,FSM 2014,24420
GAB,2014,GAB 2014,1723968
GBR,2014,GBR 2014,53209683
GEO,2014,GEO 2014,2122558
GHA,2014,GHA 2014,15062212
GIB,2014,GIB 2014,32452
GIN,2014,GIN 2014,3948091
GMB,2014,GMB 2014,1281189
GNB,2014,GNB 2014,727221
GNQ,2014,GNQ 2014,907703
GRC,2014,GRC 2014,8463623
GRD,2014,GRD 2014,42397
GRL,2014,GRL 2014,48308
GTM,2014,GTM 2014,7597137
GUM,2014,GUM 2014,158243
GUY,2014,GUY 2014,198400
HIC,2014,HIC 2014,966099548
HKG,2014,HKG 2014,7229500
HND,2014,HND 2014,4975954
HPC,2014,HPC 2014,241897121
HRV,2014,HRV 2014,2370234
HTI,2014,HTI 2014,5356730
HUN,2014,HUN 2014,6928924
IBD,2014,IBD 2014,2435285428
IBT,2014,IBT 2014,2969073351
IDA,2014,IDA 2014,533787923
IDB,2014,IDB 2014,208293654
IDN,2014,IDN 2014,134866535
IDX,2014,IDX 2014,325494269
IMN,2014,IMN 2014,43762
IND,2014,IND 2014,423338709
IRL,2014,IRL 2014,2903635
IRN,2014,IRN 2014,58236086
IRQ,2014,IRQ 2014,25633615
ISL,2014,ISL 2014,306653
ISR,2014,ISR 2014,7566988
ITA,2014,ITA 2014,42109853
JAM,2014,JAM 2014,1519915
JOR,2014,JOR 2014,7792223
JPN,2014,JPN 2014,116208079
KAZ,2014,KAZ 2014,9874723
KEN,2014,KEN 2014,11559254
KGZ,2014,KGZ 2014,2079480
KHM,2014,KHM 2014,3315806
KIR,2014,KIR 2014,58381
KNA,2014,KNA 2014,14760
KOR,2014,KOR 2014,41463573
KWT,2014,KWT 2014,3761584
LAC,2014,LAC 2014,437037355
LAO,2014,LAO 2014,2173853
LBN,2014,LBN 2014,5518096
LBR,2014,LBR 2014,2232447
LBY,2014,LBY 2014,4817782
LCA,2014,LCA 2014,32307
LCN,2014,LCN 2014,489854175
LDC,2014,LDC 2014,292779398
LIC,2014,LIC 2014,186912006
LIE,2014,LIE 2014,5310
LKA,2014,LKA 2014,3785336
LMC,2014,LMC 2014,1225660705
LMY,2014,LMY 2014,2911524374
LSO,2014,LSO 2014,555281
LTE,2014,LTE 2014,1321982899
LTU,2014,LTU 2014,1967853
LUX,2014,LUX 2014,500042
LVA,2014,LVA 2014,1354815
MAC,2014,MAC 2014,604167
MAR,2014,MAR 2014,20636838
MCO,2014,MCO 2014,36110
MDA,2014,MDA 2014,1214457
MDG,2014,MDG 2014,8362745
MDV,2014,MDV 2014,158802
MEA,2014,MEA 2014,274769467
MEX,2014,MEX 2014,93808838
MHL,2014,MHL 2014,38008
MIC,2014,MIC 2014,2724612368
MKD,2014,MKD 2014,1184330
MLI,2014,MLI 2014,6879609
MLT,2014,MLT 2014,409992
MMR,2014,MMR 2014,15142977
MNA,2014,MNA 2014,222267423
MNE,2014,MNE 2014,407105
MNG,2014,MNG 2014,1978651
MNP,2014,MNP 2014,47331
MOZ,2014,MOZ 2014,8821392
MRT,2014,MRT 2014,1929389
MUS,2014,MUS 2014,518383
MWI,2014,MWI 2014,2658225
MYS,2014,MYS 2014,22519314
NAC,2014,NAC 2014,288277446
NAM,2014,NAM 2014,1027878
NCL,2014,NCL 2014,184770
NER,2014,NER 2014,3141947
NGA,2014,NGA 2014,84275849
NIC,2014,NIC 2014,3582406
NLD,2014,NLD 2014,15126226
NOR,2014,NOR 2014,4145335
NPL,2014,NPL 2014,4993160
NRU,2014,NRU 2014,10940
NZL,2014,NZL 2014,3896881
OED,2014,OED 2014,1055611248
OMN,2014,OMN 2014,3213227
OSS,2014,OSS 2014,17303783
PAK,2014,PAK 2014,74593651
PAN,2014,PAN 2014,2581031
PER,2014,PER 2014,23425055
PHL,2014,PHL 2014,46703825
PLW,2014,PLW 2014,13795
PNG,2014,PNG 2014,1099324
POL,2014,POL 2014,22960228
PRE,2014,PRE 2014,326105328
PRI,2014,PRI 2014,3310445
PRK,2014,PRK 2014,15351564
PRT,2014,PRT 2014,6546012
PRY,2014,PRY 2014,3683303
PSE,2014,PSE 2014,3134764
PSS,2014,PSS 2014,909747
PST,2014,PST 2014,879980930
PYF,2014,PYF 2014,178657
QAT,2014,QAT 2014,2189397
ROU,2014,ROU 2014,10730940
RUS,2014,RUS 2014,106354644
RWA,2014,RWA 2014,1928885
SAS,2014,SAS 2014,567494427
SAU,2014,SAU 2014,26651368
SDN,2014,SDN 2014,12466023
SEN,2014,SEN 2014,6347549
SGP,2014,SGP 2014,5469724
SLB,2014,SLB 2014,130801
SLE,2014,SLE 2014,2887123
SLV,2014,SLV 2014,4276749
SMR,2014,SMR 2014,32240
SOM,2014,SOM 2014,5680248
SRB,2014,SRB 2014,3963388
SSA,2014,SSA 2014,373796379
SSD,2014,SSD 2014,2088586
SSF,2014,SSF 2014,373846598
SST,2014,SST 2014,21865577
STP,2014,STP 2014,136694
SUR,2014,SUR 2014,376497
SVK,2014,SVK 2014,2926070
SVN,2014,SVN 2014,1104335
SWE,2014,SWE 2014,8362604
SWZ,2014,SWZ 2014,260626
SXM,2014,SXM 2014,37685
SYC,2014,SYC 2014,50219
SYR,2014,SYR 2014,10337199
TCA,2014,TCA 2014,32134
TCD,2014,TCD 2014,3064321
TEA,2014,TEA 2014,1036467128
TEC,2014,TEC 2014,295136861
TGO,2014,TGO 2014,2884669
THA,2014,THA 2014,32841765
TJK,2014,TJK 2014,2219388
TKM,2014,TKM 2014,2827102
TLA,2014,TLA 2014,476995678
TLS,2014,TLS 2014,345177
TMN,2014,TMN 2014,219132659
TON,2014,TON 2014,24874
TSA,2014,TSA 2014,567494427
TSS,2014,TSS 2014,373846598
TTO,2014,TTO 2014,774842
TUN,2014,TUN 2014,7745627
TUR,2014,TUR 2014,57081960
TUV,2014,TUV 2014,6407
TZA,2014,TZA 2014,15703729
UGA,2014,UGA 2014,7813809
UKR,2014,UKR 2014,31223300
UMC,2014,UMC 2014,1498951663
URY,2014,URY 2014,3220213
USA,2014,USA 2014,259430732
UZB,2014,UZB 2014,15640290
VCT,2014,VCT 2014,54053
VEN,2014,VEN 2014,26613545
VGB,2014,VGB 2014,13389
VIR,2014,VIR 2014,102718
VNM,2014,VNM 2014,30212637
VUT,2014,VUT 2014,67107
WLD,2014,WLD 2014,3904237467
WSM,2014,WSM 2014,38634
YEM,2014,YEM 2014,9481916
ZAF,2014,ZAF 2014,35197669
ZMB,2014,ZMB 2014,6512613
ZWE,2014,ZWE 2014,4503674
ABW,2015,ABW 2015,44943
AFE,2015,AFE 2015,206556291
AFG,2015,AFG 2015,8371880
AFW,2015,AFW 2015,183117253
AGO,2015,AGO 2015,17845914
ALB,2015,ALB 2015,1654503
AND,2015,AND 2015,63384
ARB,2015,ARB 2015,235145769
ARE,2015,ARE 2015,7639464
ARG,2015,ARG 2015,39467043
ARM,2015,ARM 2015,1815962
ASM,2015,ASM 2015,44812
ATG,2015,ATG 2015,22485
AUS,2015,AUS 2015,20410546
AUT,2015,AUT 2015,4988134
AZE,2015,AZE 2015,5279540
BDI,2015,BDI 2015,1295625
BEL,2015,BEL 2015,11034732
BEN,2015,BEN 2015,4995735
BFA,2015,BFA 2015,5153071
BGD,2015,BGD 2015,54148316
BGR,2015,BGR 2015,5310996
BHR,2015,BHR 2015,1212293
BHS,2015,BHS 2015,324941
BIH,2015,BIH 2015,1662529
BLR,2015,BLR 2015,7302153
BLZ,2015,BLZ 2015,163403
BMU,2015,BMU 2015,65237
BOL,2015,BOL 2015,7584842
BRA,2015,BRA 2015,175989923
BRB,2015,BRB 2015,86898
BRN,2015,BRN 2015,323086
BTN,2015,BTN 2015,287484
BWA,2015,BWA 2015,1548038
CAF,2015,CAF 2015,1941083
CAN,2015,CAN 2015,29011826
CEB,2015,CEB 2015,64165146
CHE,2015,CHE 2015,6105617
CHI,2015,CHI 2015,50217
CHL,2015,CHL 2015,15611340
CHN,2015,CHN 2015,765822300
CIV,2015,CIV 2015,11667173
CMR,2015,CMR 2015,12559842
COD,2015,COD 2015,33617961
COG,2015,COG 2015,3319351
COL,2015,COL 2015,37584580
COM,2015,COM 2015,207892
CPV,2015,CPV 2015,355043
CRI,2015,CRI 2015,3762581
CSS,2015,CSS 2015,3681386
CUB,2015,CUB 2015,8719925
CUW,2015,CUW 2015,141158
CYM,2015,CYM 2015,60911
CYP,2015,CYP 2015,794836
CZE,2015,CZE 2015,7748928
DEU,2015,DEU 2015,63062064
DJI,2015,DJI 2015,779016
DMA,2015,DMA 2015,48710
DNK,2015,DNK 2015,4974525
DOM,2015,DOM 2015,8175446
DZA,2015,DZA 2015,28015534
EAP,2015,EAP 2015,1080375610
EAR,2015,EAR 2015,1389523758
EAS,2015,EAS 2015,1294988514
ECA,2015,ECA 2015,261665732
ECS,2015,ECS 2015,649265373
ECU,2015,ECU 2015,10267878
EGY,2015,EGY 2015,41811127
EMU,2015,EMU 2015,259180525
ERI,2015,ERI 2015,1276083
ESP,2015,ESP 2015,36971015
EST,2015,EST 2015,899949
ETH,2015,ETH 2015,19908240
EUU,2015,EUU 2015,328571822
FCS,2015,FCS 2015,365740044
FIN,2015,FIN 2015,4669930
FJI,2015,FJI 2015,501947
FRA,2015,FRA 2015,53009026
FRO,2015,FRO 2015,20326
FSM,2015,FSM 2015,24581
GAB,2015,GAB 2015,1787489
GBR,2015,GBR 2015,53802927
GEO,2015,GEO 2015,2140097
GHA,2015,GHA 2015,15615136
GIB,2015,GIB 2015,32520
GIN,2015,GIN 2015,4085492
GMB,2015,GMB 2015,1334486
GNB,2015,GNB 2015,753546
GNQ,2015,GNQ 2015,951178
GRC,2015,GRC 2015,8445266
GRD,2015,GRD 2015,42829
GRL,2015,GRL 2015,48298
GTM,2015,GTM 2015,7779195
GUM,2015,GUM 2015,158796
GUY,2015,GUY 2015,199638
HIC,2015,HIC 2015,973637991
HKG,2015,HKG 2015,7291300
HND,2015,HND 2015,5127314
HPC,2015,HPC 2015,252221017
HRV,2015,HRV 2015,2360534
HTI,2015,HTI 2015,5538261
HUN,2015,HUN 2015,6939335
IBD,2015,IBD 2015,2489744230
IBT,2015,IBT 2015,3042385784
IDA,2015,IDA 2015,552641554
IDB,2015,IDB 2015,214912950
IDN,2015,IDN 2015,138129702
IDX,2015,IDX 2015,337728604
IMN,2015,IMN 2015,43673
IND,2015,IND 2015,433595954
IRL,2015,IRL 2015,2940510
IRN,2015,IRN 2015,60000125
IRQ,2015,IRQ 2015,26400640
ISL,2015,ISL 2015,309974
ISR,2015,ISR 2015,7724692
ITA,2015,ITA 2015,42247229
JAM,2015,JAM 2015,1532278
JOR,2015,JOR 2015,8569127
JPN,2015,JPN 2015,116182717
KAZ,2015,KAZ 2015,10032906
KEN,2015,KEN 2015,12021155
KGZ,2015,KGZ 2015,2131200
KHM,2015,KHM 2015,3420840
KIR,2015,KIR 2015,60243
KNA,2015,KNA 2015,14732
KOR,2015,KOR 2015,41645542
KWT,2015,KWT 2015,3908743
LAC,2015,LAC 2015,443212119
LAO,2015,LAO 2015,2247179
LBN,2015,LBN 2015,5637850
LBR,2015,LBR 2015,2297862
LBY,2015,LBY 2015,4908585
LCA,2015,LCA 2015,32517
LCN,2015,LCN 2015,496525353
LDC,2015,LDC 2015,304882547
LIC,2015,LIC 2015,193929402
LIE,2015,LIE 2015,5343
LKA,2015,LKA 2015,3828283
LMC,2015,LMC 2015,1258365298
LMY,2015,LMY 2015,2984633485
LSO,2015,LSO 2015,570052
LTE,2015,LTE 2015,1350567898
LTU,2015,LTU 2015,1952971
LUX,2015,LUX 2015,513663
LVA,2015,LVA 2015,1344323
MAC,2015,MAC 2015,615239
MAR,2015,MAR 2015,21088840
MCO,2015,MCO 2015,36760
MDA,2015,MDA 2015,1205007
MDG,2015,MDG 2015,8745781
MDV,2015,MDV 2015,167825
MEA,2015,MEA 2015,282176862
MEX,2015,MEX 2015,95260846
MHL,2015,MHL 2015,37458
MIC,2015,MIC 2015,2790704083
MKD,2015,MKD 2015,1188475
MLI,2015,MLI 2015,7243533
MLT,2015,MLT 2015,420192
MMR,2015,MMR 2015,15372077
MNA,2015,MNA 2015,228231045
MNE,2015,MNE 2015,409418
MNG,2015,MNG 2015,2022848
MNP,2015,MNP 2015,47062
MOZ,2015,MOZ 2015,9234077
MRT,2015,MRT 2015,2016084
MUS,2015,MUS 2015,517668
MWI,2015,MWI 2015,2763250
MYS,2015,MYS 2015,23057113
NAC,2015,NAC 2015,291027807
NAM,2015,NAM 2015,1070588
NCL,2015,NCL 2015,186949
NER,2015,NER 2015,3270216
NGA,2015,NGA 2015,88019904
NIC,2015,NIC 2015,3646573
NLD,2015,NLD 2015,15275237
NOR,2015,NOR 2015,4207493
NPL,2015,NPL 2015,5123648
NRU,2015,NRU 2015,11185
NZL,2015,NZL 2015,3979802
OED,2015,OED 2015,1065186798
OMN,2015,OMN 2015,3410010
OSS,2015,OSS 2015,17934319
PAK,2015,PAK 2015,76003799
PAN,2015,PAN 2015,2639227
PER,2015,PER 2015,23757776
PHL,2015,PHL 2015,47687037
PLW,2015,PLW 2015,13908
PNG,2015,PNG 2015,1129724
POL,2015,POL 2015,22897449
PRE,2015,PRE 2015,340184841
PRI,2015,PRI 2015,3251779
PRK,2015,PRK 2015,15477354
PRT,2015,PRT 2015,6578828
PRY,2015,PRY 2015,3753105
PSE,2015,PSE 2015,3218283
PSS,2015,PSS 2015,925015
PST,2015,PST 2015,885810456
PYF,2015,PYF 2015,179983
QAT,2015,QAT 2015,2389099
ROU,2015,ROU 2015,10678041
RUS,2015,RUS 2015,106703732
RWA,2015,RWA 2015,1979769
SAS,2015,SAS 2015,581527189
SAU,2015,SAU 2015,27241324
SDN,2015,SDN 2015,12937739
SEN,2015,SEN 2015,6584032
SGP,2015,SGP 2015,5535002
SLB,2015,SLB 2015,136991
SLE,2015,SLE 2015,2986549
SLV,2015,SLV 2015,4343053
SMR,2015,SMR 2015,32475
SOM,2015,SOM 2015,5952201
SRB,2015,SRB 2015,3951845
SSA,2015,SSA 2015,389621790
SSD,2015,SSD 2015,2110349
SSF,2015,SSF 2015,389673544
SST,2015,SST 2015,22540720
STP,2015,STP 2015,141137
SUR,2015,SUR 2015,380136
SVK,2015,SVK 2015,2922832
SVN,2015,SVN 2015,1109788
SWE,2015,SWE 2015,8481489
SWZ,2015,SWZ 2015,264207
SXM,2015,SXM 2015,38825
SYC,2015,SYC 2015,51754
SYR,2015,SYR 2015,10018957
TCA,2015,TCA 2015,33686
TCD,2015,TCD 2015,3183683
TEA,2015,TEA 2015,1064864629
TEC,2015,TEC 2015,297601756
TGO,2015,TGO 2015,2996765
THA,2015,THA 2015,33526210
TJK,2015,TJK 2015,2279505
TKM,2015,TKM 2015,2901495
TLA,2015,TLA 2015,483705904
TLS,2015,TLS 2015,355594
TMN,2015,TMN 2015,225012762
TON,2015,TON 2015,24700
TSA,2015,TSA 2015,581527189
TSS,2015,TSS 2015,389673544
TTO,2015,TTO 2015,778552
TUN,2015,TUN 2015,7865762
TUR,2015,TUR 2015,58628348
TUV,2015,TUV 2015,6497
TZA,2015,TZA 2015,16612464
UGA,2015,UGA 2015,8267505
UKR,2015,UKR 2015,31183829
UMC,2015,UMC 2015,1532338785
URY,2015,URY 2015,3234208
USA,2015,USA 2015,261950744
UZB,2015,UZB 2015,15884192
VCT,2015,VCT 2015,54267
VEN,2015,VEN 2015,26913166
VGB,2015,VGB 2015,13680
VIR,2015,VIR 2015,102703
VNM,2015,VNM 2015,31168990
VUT,2015,VUT 2015,69002
WLD,2015,WLD 2015,3985184642
WSM,2015,WSM 2015,38503
YEM,2015,YEM 2015,9917199
ZAF,2015,ZAF 2015,36223620
ZMB,2015,ZMB 2015,6809146
ZWE,2015,ZWE 2015,4584076
ABW,2016,ABW 2016,45297
AFE,2016,AFE 2016,215083329
AFG,2016,AFG 2016,8665979
AFW,2016,AFW 2016,190684610
AGO,2016,AGO 2016,18702478
ALB,2016,ALB 2016,1680247
AND,2016,AND 2016,64015
ARB,2016,ARB 2016,241256824
ARE,2016,ARE 2016,7731918
ARG,2016,ARG 2016,39940546
ARM,2016,ARM 2016,1807826
ASM,2016,ASM 2016,43990
ATG,2016,ATG 2016,22502
AUS,2016,AUS 2016,20755798
AUT,2016,AUT 2016,5058968
AZE,2016,AZE 2016,5368846
BDI,2016,BDI 2016,1350704
BEL,2016,BEL 2016,11095615
BEN,2016,BEN 2016,5205425
BFA,2016,BFA 2016,5422969
BGD,2016,BGD 2016,56057220
BGR,2016,BGR 2016,5298039
BHR,2016,BHR 2016,1255867
BHS,2016,BHS 2016,327995
BIH,2016,BIH 2016,1654095
BLR,2016,BLR 2016,7354014
BLZ,2016,BLZ 2016,167109
BMU,2016,BMU 2016,64554
BOL,2016,BOL 2016,7741971
BRA,2016,BRA 2016,177986118
BRB,2016,BRB 2016,86919
BRN,2016,BRN 2016,327973
BTN,2016,BTN 2016,295616
BWA,2016,BWA 2016,1598067
CAF,2016,CAF 2016,1991979
CAN,2016,CAN 2016,29357013
CEB,2016,CEB 2016,64046460
CHE,2016,CHE 2016,6174416
CHI,2016,CHI 2016,50639
CHL,2016,CHL 2016,15809289
CHN,2016,CHN 2016,787376534
CIV,2016,CIV 2016,12077997
CMR,2016,CMR 2016,13083840
COD,2016,COD 2016,35265313
COG,2016,COG 2016,3423356
COL,2016,COL 2016,38152200
COM,2016,COM 2016,213564
CPV,2016,CPV 2016,361750
CRI,2016,CRI 2016,3844155
CSS,2016,CSS 2016,3710316
CUB,2016,CUB 2016,8725410
CUW,2016,CUW 2016,142535
CYM,2016,CYM 2016,62255
CYP,2016,CYP 2016,801155
CZE,2016,CZE 2016,7773650
DEU,2016,DEU 2016,63592936
DJI,2016,DJI 2016,793314
DMA,2016,DMA 2016,48968
DNK,2016,DNK 2016,5020143
DOM,2016,DOM 2016,8362698
DZA,2016,DZA 2016,28826081
EAP,2016,EAP 2016,1109067236
EAR,2016,EAR 2016,1421569050
EAS,2016,EAS 2016,1324556747
ECA,2016,ECA 2016,264115588
ECS,2016,ECS 2016,654007193
ECU,2016,ECU 2016,10444726
EGY,2016,EGY 2016,42639712
EMU,2016,EMU 2016,260667414
ERI,2016,ERI 2016,1306640
ESP,2016,ESP 2016,37112875
EST,2016,EST 2016,902145
ETH,2016,ETH 2016,20917553
EUU,2016,EUU 2016,330147530
FCS,2016,FCS 2016,377391735
FIN,2016,FIN 2016,4686120
FJI,2016,FJI 2016,507262
FRA,2016,FRA 2016,53323902
FRO,2016,FRO 2016,20680
FSM,2016,FSM 2016,24762
GAB,2016,GAB 2016,1847523
GBR,2016,GBR 2016,54382825
GEO,2016,GEO 2016,2155877
GHA,2016,GHA 2016,16180685
GIB,2016,GIB 2016,32565
GIN,2016,GIN 2016,4230727
GMB,2016,GMB 2016,1388423
GNB,2016,GNB 2016,780290
GNQ,2016,GNQ 2016,995169
GRC,2016,GRC 2016,8446960
GRD,2016,GRD 2016,43274
GRL,2016,GRL 2016,48503
GTM,2016,GTM 2016,7964335
GUM,2016,GUM 2016,159284
GUY,2016,GUY 2016,201021
HIC,2016,HIC 2016,981367682
HKG,2016,HKG 2016,7336600
HND,2016,HND 2016,5280355
HPC,2016,HPC 2016,263047946
HRV,2016,HRV 2016,2354458
HTI,2016,HTI 2016,5720767
HUN,2016,HUN 2016,6946267
IBD,2016,IBD 2016,2543322236
IBT,2016,IBT 2016,3115801428
IDA,2016,IDA 2016,572479192
IDB,2016,IDB 2016,221601322
IDN,2016,IDN 2016,141370295
IDX,2016,IDX 2016,350877870
IMN,2016,IMN 2016,43680
IND,2016,IND 2016,444186310
IRL,2016,IRL 2016,2983355
IRN,2016,IRN 2016,61546643
IRQ,2016,IRQ 2016,27124936
ISL,2016,ISL 2016,314424
ISR,2016,ISR 2016,7884198
ITA,2016,ITA 2016,42351339
JAM,2016,JAM 2016,1544229
JOR,2016,JOR 2016,9018612
JPN,2016,JPN 2016,116219897
KAZ,2016,KAZ 2016,10189588
KEN,2016,KEN 2016,12502904
KGZ,2016,KGZ 2016,2185215
KHM,2016,KHM 2016,3528344
KIR,2016,KIR 2016,62160
KNA,2016,KNA 2016,14714
KOR,2016,KOR 2016,41774264
KWT,2016,KWT 2016,4048085
LAC,2016,LAC 2016,449422888
LAO,2016,LAO 2016,2324870
LBN,2016,LBN 2016,5524233
LBR,2016,LBR 2016,2365002
LBY,2016,LBY 2016,4996859
LCA,2016,LCA 2016,32739
LCN,2016,LCN 2016,503147437
LDC,2016,LDC 2016,317574026
LIC,2016,LIC 2016,201638507
LIE,2016,LIE 2016,5379
LKA,2016,LKA 2016,3882481
LMC,2016,LMC 2016,1291311833
LMY,2016,LMY 2016,3057914041
LSO,2016,LSO 2016,585642
LTE,2016,LTE 2016,1379057974
LTU,2016,LTU 2016,1932212
LUX,2016,LUX 2016,526490
LVA,2016,LVA 2016,1332897
MAC,2016,MAC 2016,626688
MAR,2016,MAR 2016,21541817
MCO,2016,MCO 2016,37071
MDA,2016,MDA 2016,1191662
MDG,2016,MDG 2016,9143976
MDV,2016,MDV 2016,176949
MEA,2016,MEA 2016,289100440
MEX,2016,MEX 2016,96701350
MHL,2016,MHL 2016,36840
MIC,2016,MIC 2016,2856275534
MKD,2016,MKD 2016,1192987
MLI,2016,MLI 2016,7626464
MLT,2016,MLT 2016,430220
MMR,2016,MMR 2016,15610256
MNA,2016,MNA 2016,233682637
MNE,2016,MNE 2016,411597
MNG,2016,MNG 2016,2069095
MNP,2016,MNP 2016,46758
MOZ,2016,MOZ 2016,9673277
MRT,2016,MRT 2016,2105443
MUS,2016,MUS 2016,516887
MWI,2016,MWI 2016,2872972
MYS,2016,MYS 2016,23594371
NAC,2016,NAC 2016,293894567
NAM,2016,NAM 2016,1114303
NCL,2016,NCL 2016,188670
NER,2016,NER 2016,3408152
NGA,2016,NGA 2016,91848722
NIC,2016,NIC 2016,3711507
NLD,2016,NLD 2016,15435425
NOR,2016,NOR 2016,4265348
NPL,2016,NPL 2016,5277466
NRU,2016,NRU 2016,11437
NZL,2016,NZL 2016,4072982
OED,2016,OED 2016,1074888213
OMN,2016,OMN 2016,3628408
OSS,2016,OSS 2016,18545164
PAK,2016,PAK 2016,77368591
PAN,2016,PAN 2016,2698732
PER,2016,PER 2016,24140046
PHL,2016,PHL 2016,48740780
PLW,2016,PLW 2016,14035
PNG,2016,PNG 2016,1161342
POL,2016,POL 2016,22849639
PRE,2016,PRE 2016,354766158
PRI,2016,PRI 2016,3188713
PRK,2016,PRK 2016,15607248
PRT,2016,PRT 2016,6617169
PRY,2016,PRY 2016,3824264
PSE,2016,PSE 2016,3302741
PSS,2016,PSS 2016,940354
PST,2016,PST 2016,891748308
PYF,2016,PYF 2016,181215
QAT,2016,QAT 2016,2569604
ROU,2016,ROU 2016,10619522
RUS,2016,RUS 2016,107050095
RWA,2016,RWA 2016,2034934
SAS,2016,SAS 2016,595910612
SAU,2016,SAU 2016,27869503
SDN,2016,SDN 2016,13435884
SEN,2016,SEN 2016,6829288
SGP,2016,SGP 2016,5607283
SLB,2016,SLB 2016,143352
SLE,2016,SLE 2016,3089590
SLV,2016,SLV 2016,4406672
SMR,2016,SMR 2016,32789
SOM,2016,SOM 2016,6262554
SRB,2016,SRB 2016,3939250
SSA,2016,SSA 2016,405715080
SSD,2016,SSD 2016,2112741
SSF,2016,SSF 2016,405767939
SST,2016,SST 2016,23195834
STP,2016,STP 2016,145477
SUR,2016,SUR 2016,383992
SVK,2016,SVK 2016,2922095
SVN,2016,SVN 2016,1115536
SWE,2016,SWE 2016,8618398
SWZ,2016,SWZ 2016,268025
SXM,2016,SXM 2016,39969
SYC,2016,SYC 2016,52859
SYR,2016,SYR 2016,10019763
TCA,2016,TCA 2016,35384
TCD,2016,TCD 2016,3309161
TEA,2016,TEA 2016,1093427435
TEC,2016,TEC 2016,299939207
TGO,2016,TGO 2016,3112655
THA,2016,THA 2016,34207697
TJK,2016,TJK 2016,2342835
TKM,2016,TKM 2016,2977004
TLA,2016,TLA 2016,490376339
TLS,2016,TLS 2016,365532
TMN,2016,TMN 2016,230379896
TON,2016,TON 2016,24547
TSA,2016,TSA 2016,595910612
TSS,2016,TSS 2016,405767939
TTO,2016,TTO 2016,782418
TUN,2016,TUN 2016,7986686
TUR,2016,TUR 2016,60062918
TUV,2016,TUV 2016,6581
TZA,2016,TZA 2016,17589735
UGA,2016,UGA 2016,8766415
UKR,2016,UKR 2016,31122532
UMC,2016,UMC 2016,1564963701
URY,2016,URY 2016,3247994
USA,2016,USA 2016,264473000
UZB,2016,UZB 2016,16130961
VCT,2016,VCT 2016,54436
VEN,2016,VEN 2016,27103212
VGB,2016,VGB 2016,13965
VIR,2016,VIR 2016,102656
VNM,2016,VNM 2016,32137965
VUT,2016,VUT 2016,70980
WLD,2016,WLD 2016,4066384935
WSM,2016,WSM 2016,38398
YEM,2016,YEM 2016,10361240
ZAF,2016,ZAF 2016,36866878
ZMB,2016,ZMB 2016,7115902
ZWE,2016,ZWE 2016,4667645
ABW,2017,ABW 2017,45648
AFE,2017,AFE 2017,223732118
AFG,2017,AFG 2017,8999963
AFW,2017,AFW 2017,198494008
AGO,2017,AGO 2017,19586972
ALB,2017,ALB 2017,1706345
AND,2017,AND 2017,65087
ARB,2017,ARB 2017,247298631
ARE,2017,ARE 2017,7821224
ARG,2017,ARG 2017,40410674
ARM,2017,ARM 2017,1799649
ASM,2017,ASM 2017,43117
ATG,2017,ATG 2017,22518
AUS,2017,AUS 2017,21127403
AUT,2017,AUT 2017,5110858
AZE,2017,AZE 2017,5453517
BDI,2017,BDI 2017,1417430
BEL,2017,BEL 2017,11143219
BEN,2017,BEN 2017,5423582
BFA,2017,BFA 2017,5701421
BGD,2017,BGD 2017,58016080
BGR,2017,BGR 2017,5283539
BHR,2017,BHR 2017,1299292
BHS,2017,BHS 2017,330887
BIH,2017,BIH 2017,1646947
BLR,2017,BLR 2017,7390686
BLZ,2017,BLZ 2017,170864
BMU,2017,BMU 2017,63873
BOL,2017,BOL 2017,7899666
BRA,2017,BRA 2017,179958546
BRB,2017,BRB 2017,86992
BRN,2017,BRN 2017,332655
BTN,2017,BTN 2017,303711
BWA,2017,BWA 2017,1650064
CAF,2017,CAF 2017,2047664
CAN,2017,CAN 2017,29729549
CEB,2017,CEB 2017,63954111
CHE,2017,CHE 2017,6234162
CHI,2017,CHI 2017,51075
CHL,2017,CHL 2017,16070668
CHN,2017,CHN 2017,809246214
CIV,2017,CIV 2017,12505013
CMR,2017,CMR 2017,13605785
COD,2017,COD 2017,36983500
COG,2017,COG 2017,3530528
COL,2017,COL 2017,38896985
COM,2017,COM 2017,219237
CPV,2017,CPV 2017,368695
CRI,2017,CRI 2017,3923162
CSS,2017,CSS 2017,3739234
CUB,2017,CUB 2017,8726424
CUW,2017,CUW 2017,142881
CYM,2017,CYM 2017,63581
CYP,2017,CYP 2017,807728
CZE,2017,CZE 2017,7805452
DEU,2017,DEU 2017,63861626
DJI,2017,DJI 2017,807720
DMA,2017,DMA 2017,49410
DNK,2017,DNK 2017,5059173
DOM,2017,DOM 2017,8547288
DZA,2017,DZA 2017,29639704
EAP,2017,EAP 2017,1138074091
EAR,2017,EAR 2017,1453160846
EAS,2017,EAS 2017,1354328520
ECA,2017,ECA 2017,266247392
ECS,2017,ECS 2017,658228229
ECU,2017,ECU 2017,10630944
EGY,2017,EGY 2017,43469157
EMU,2017,EMU 2017,261973277
ERI,2017,ERI 2017,1340124
ESP,2017,ESP 2017,37311863
EST,2017,EST 2017,905267
ETH,2017,ETH 2017,21975004
EUU,2017,EUU 2017,331569232
FCS,2017,FCS 2017,389236616
FIN,2017,FIN 2017,4699884
FJI,2017,FJI 2017,512280
FRA,2017,FRA 2017,53654868
FRO,2017,FRO 2017,21053
FSM,2017,FSM 2017,24966
GAB,2017,GAB 2017,1904278
GBR,2017,GBR 2017,54923317
GEO,2017,GEO 2017,2170854
GHA,2017,GHA 2017,16745249
GIB,2017,GIB 2017,32602
GIN,2017,GIN 2017,4381346
GMB,2017,GMB 2017,1442972
GNB,2017,GNB 2017,807291
GNQ,2017,GNQ 2017,1039364
GRC,2017,GRC 2017,8466513
GRD,2017,GRD 2017,43730
GRL,2017,GRL 2017,48629
GTM,2017,GTM 2017,8153103
GUM,2017,GUM 2017,159668
GUY,2017,GUY 2017,202552
HIC,2017,HIC 2017,988569205
HKG,2017,HKG 2017,7393200
HND,2017,HND 2017,5435026
HPC,2017,HPC 2017,274358545
HRV,2017,HRV 2017,2337248
HTI,2017,HTI 2017,5903901
HUN,2017,HUN 2017,6955524
IBD,2017,IBD 2017,2596413659
IBT,2017,IBT 2017,3189667379
IDA,2017,IDA 2017,593253720
IDB,2017,IDB 2017,228567551
IDN,2017,IDN 2017,144572428
IDX,2017,IDX 2017,364686169
IMN,2017,IMN 2017,43844
IND,2017,IND 2017,455009748
IRL,2017,IRL 2017,3026107
IRN,2017,IRN 2017,62866706
IRQ,2017,IRQ 2017,27844960
ISL,2017,ISL 2017,322016
ISR,2017,ISR 2017,8045513
ITA,2017,ITA 2017,42462869
JAM,2017,JAM 2017,1555222
JOR,2017,JOR 2017,9270152
JPN,2017,JPN 2017,116223820
KAZ,2017,KAZ 2017,10342139
KEN,2017,KEN 2017,13001604
KGZ,2017,KGZ 2017,2239720
KHM,2017,KHM 2017,3637892
KIR,2017,KIR 2017,64107
KNA,2017,KNA 2017,14705
KOR,2017,KOR 2017,41861498
KWT,2017,KWT 2017,4124904
LAC,2017,LAC 2017,455795478
LAO,2017,LAO 2017,2405044
LBN,2017,LBN 2017,5402350
LBR,2017,LBR 2017,2431748
LBY,2017,LBY 2017,5090937
LCA,2017,LCA 2017,32974
LCN,2017,LCN 2017,509636804
LDC,2017,LDC 2017,330795768
LIC,2017,LIC 2017,209853209
LIE,2017,LIE 2017,5424
LKA,2017,LKA 2017,3942265
LMC,2017,LMC 2017,1324700256
LMY,2017,LMY 2017,3131897864
LSO,2017,LSO 2017,601912
LTE,2017,LTE 2017,1407844671
LTU,2017,LTU 2017,1909625
LUX,2017,LUX 2017,541038
LVA,2017,LVA 2017,1322185
MAC,2017,MAC 2017,638609
MAR,2017,MAR 2017,21994745
MCO,2017,MCO 2017,37044
MDA,2017,MDA 2017,1172526
MDG,2017,MDG 2017,9557640
MDV,2017,MDV 2017,186048
MEA,2017,MEA 2017,295656568
MEX,2017,MEX 2017,98108030
MHL,2017,MHL 2017,36161
MIC,2017,MIC 2017,2922044655
MKD,2017,MKD 2017,1197983
MLI,2017,MLI 2017,8028117
MLT,2017,MLT 2017,442474
MMR,2017,MMR 2017,15854871
MNA,2017,MNA 2017,238848263
MNE,2017,MNE 2017,413735
MNG,2017,MNG 2017,2116539
MNP,2017,MNP 2017,46432
MOZ,2017,MOZ 2017,10129295
MRT,2017,MRT 2017,2197486
MUS,2017,MUS 2017,516481
MWI,2017,MWI 2017,2988658
MYS,2017,MYS 2017,24124786
NAC,2017,NAC 2017,296582138
NAM,2017,NAM 2017,1158740
NCL,2017,NCL 2017,190260
NER,2017,NER 2017,3554150
NGA,2017,NGA 2017,95817238
NIC,2017,NIC 2017,3778085
NLD,2017,NLD 2017,15602670
NOR,2017,NOR 2017,4320306
NPL,2017,NPL 2017,5449547
NRU,2017,NRU 2017,11682
NZL,2017,NZL 2017,4162127
OED,2017,OED 2017,1084145276
OMN,2017,OMN 2017,3795173
OSS,2017,OSS 2017,19100755
PAK,2017,PAK 2017,78853074
PAN,2017,PAN 2017,2759313
PER,2017,PER 2017,24563784
PHL,2017,PHL 2017,49827667
PLW,2017,PLW 2017,14156
PNG,2017,PNG 2017,1194221
POL,2017,POL 2017,22824769
PRE,2017,PRE 2017,369902581
PRI,2017,PRI 2017,3112035
PRK,2017,PRK 2017,15737956
PRT,2017,PRT 2017,6659350
PRY,2017,PRY 2017,3895863
PSE,2017,PSE 2017,3380930
PSS,2017,PSS 2017,955660
PST,2017,PST 2017,897126460
PYF,2017,PYF 2017,182541
QAT,2017,QAT 2017,2686753
ROU,2017,ROU 2017,10565369
RUS,2017,RUS 2017,107349517
RWA,2017,RWA 2017,2094446
SAS,2017,SAS 2017,610760436
SAU,2017,SAU 2017,28592972
SDN,2017,SDN 2017,13981657
SEN,2017,SEN 2017,7084752
SGP,2017,SGP 2017,5612253
SLB,2017,SLB 2017,149877
SLE,2017,SLE 2017,3196631
SLV,2017,SLV 2017,4466558
SMR,2017,SMR 2017,33059
SOM,2017,SOM 2017,6598376
SRB,2017,SRB 2017,3927608
SSA,2017,SSA 2017,422172204
SSD,2017,SSD 2017,2061940
SSF,2017,SSF 2017,422226126
SST,2017,SST 2017,23795649
STP,2017,STP 2017,149719
SUR,2017,SUR 2017,388030
SVK,2017,SVK 2017,2923642
SVN,2017,SVN 2017,1121491
SWE,2017,SWE 2017,8764881
SWZ,2017,SWZ 2017,272016
SXM,2017,SXM 2017,40574
SYC,2017,SYC 2017,53922
SYR,2017,SYR 2017,10156105
TCA,2017,TCA 2017,36982
TCD,2017,TCD 2017,3448331
TEA,2017,TEA 2017,1122304700
TEC,2017,TEC 2017,301974778
TGO,2017,TGO 2017,3232367
THA,2017,THA 2017,34881915
TJK,2017,TJK 2017,2408285
TKM,2017,TKM 2017,3053007
TLA,2017,TLA 2017,496934006
TLS,2017,TLS 2017,375606
TMN,2017,TMN 2017,235467333
TON,2017,TON 2017,24424
TSA,2017,TSA 2017,610760436
TSS,2017,TSS 2017,422226126
TTO,2017,TTO 2017,786693
TUN,2017,TUN 2017,8107611
TUR,2017,TUR 2017,61275130
TUV,2017,TUV 2017,6662
TZA,2017,TZA 2017,18597942
UGA,2017,UGA 2017,9307879
UKR,2017,UKR 2017,31043768
UMC,2017,UMC 2017,1597344399
URY,2017,URY 2017,3259303
USA,2017,USA 2017,266788716
UZB,2017,UZB 2017,16372437
VCT,2017,VCT 2017,54657
VEN,2017,VEN 2017,26951752
VGB,2017,VGB 2017,14230
VIR,2017,VIR 2017,102564
VNM,2017,VNM 2017,33111857
VUT,2017,VUT 2017,73033
WLD,2017,WLD 2017,4147418821
WSM,2017,WSM 2017,38312
YEM,2017,YEM 2017,10817186
ZAF,2017,ZAF 2017,37298236
ZMB,2017,ZMB 2017,7434012
ZWE,2017,ZWE 2017,4755312
ABW,2018,ABW 2018,45999
AFE,2018,AFE 2018,232922215
AFG,2018,AFG 2018,9353296
AFW,2018,AFW 2018,206492202
AGO,2018,AGO 2018,20488542
ALB,2018,ALB 2018,1728969
AND,2018,AND 2018,66058
ARB,2018,ARB 2018,253599696
ARE,2018,ARE 2018,7908257
ARG,2018,ARG 2018,40877099
ARM,2018,ARM 2018,1791257
ASM,2018,ASM 2018,42203
ATG,2018,ATG 2018,22539
AUS,2018,AUS 2018,21474309
AUT,2018,AUT 2018,5153759
AZE,2018,AZE 2018,5534464
BDI,2018,BDI 2018,1497829
BEL,2018,BEL 2018,11198627
BEN,2018,BEN 2018,5649376
BFA,2018,BFA 2018,5986896
BGD,2018,BGD 2018,59960707
BGR,2018,BGR 2018,5269340
BHR,2018,BHR 2018,1328001
BHS,2018,BHS 2018,333682
BIH,2018,BIH 2018,1640392
BLR,2018,BLR 2018,7418413
BLZ,2018,BLZ 2018,174696
BMU,2018,BMU 2018,63918
BOL,2018,BOL 2018,8058094
BRA,2018,BRA 2018,181939117
BRB,2018,BRB 2018,87114
BRN,2018,BRN 2018,337123
BTN,2018,BTN 2018,311659
BWA,2018,BWA 2018,1702405
CAF,2018,CAF 2018,2107405
CAN,2018,CAN 2018,30175056
CEB,2018,CEB 2018,63915976
CHE,2018,CHE 2018,6283319
CHI,2018,CHI 2018,51706
CHL,2018,CHL 2018,16375738
CHN,2018,CHN 2018,829760595
CIV,2018,CIV 2018,12945592
CMR,2018,CMR 2018,14136765
COD,2018,COD 2018,38719038
COG,2018,COG 2018,3640941
COL,2018,COL 2018,39804944
COM,2018,COM 2018,224859
CPV,2018,CPV 2018,375462
CRI,2018,CRI 2018,3999318
CSS,2018,CSS 2018,3781949
CUB,2018,CUB 2018,8726939
CUW,2018,CUW 2018,142040
CYM,2018,CYM 2018,64884
CYP,2018,CYP 2018,814301
CZE,2018,CZE 2018,7844036
DEU,2018,DEU 2018,64096118
DJI,2018,DJI 2018,822257
DMA,2018,DMA 2018,49918
DNK,2018,DNK 2018,5091100
DOM,2018,DOM 2018,8728047
DZA,2018,DZA 2018,30451166
EAP,2018,EAP 2018,1165687408
EAR,2018,EAR 2018,1484856270
EAS,2018,EAS 2018,1382700114
ECA,2018,ECA 2018,268004656
ECS,2018,ECS 2018,662118330
ECU,2018,ECU 2018,10859572
EGY,2018,EGY 2018,44301456
EMU,2018,EMU 2018,263365458
ERI,2018,ERI 2018,1380906
ESP,2018,ESP 2018,37588424
EST,2018,EST 2018,910578
ETH,2018,ETH 2018,23073805
EUU,2018,EUU 2018,333091521
FCS,2018,FCS 2018,401124372
FIN,2018,FIN 2018,4709266
FJI,2018,FJI 2018,516917
FRA,2018,FRA 2018,54024861
FRO,2018,FRO 2018,21434
FSM,2018,FSM 2018,25184
GAB,2018,GAB 2018,1959001
GBR,2018,GBR 2018,55426598
GEO,2018,GEO 2018,2184950
GHA,2018,GHA 2018,17306081
GIB,2018,GIB 2018,32648
GIN,2018,GIN 2018,4537328
GMB,2018,GMB 2018,1498000
GNB,2018,GNB 2018,834660
GNQ,2018,GNQ 2018,1083654
GRC,2018,GRC 2018,8485202
GRD,2018,GRD 2018,44193
GRL,2018,GRL 2018,48637
GTM,2018,GTM 2018,8345772
GUM,2018,GUM 2018,159873
GUY,2018,GUY 2018,208994
HIC,2018,HIC 2018,995637723
HKG,2018,HKG 2018,7452600
HND,2018,HND 2018,5591326
HPC,2018,HPC 2018,285967553
HRV,2018,HRV 2018,2327904
HTI,2018,HTI 2018,6087446
HUN,2018,HUN 2018,6974963
IBD,2018,IBD 2018,2647802304
IBT,2018,IBT 2018,3262701033
IDA,2018,IDA 2018,614898729
IDB,2018,IDB 2018,235895915
IDN,2018,IDN 2018,147754731
IDX,2018,IDX 2018,379002814
IMN,2018,IMN 2018,44056
IND,2018,IND 2018,465871825
IRL,2018,IRL 2018,3074684
IRN,2018,IRN 2018,64125842
IRQ,2018,IRQ 2018,28605484
ISL,2018,ISL 2018,330898
ISR,2018,ISR 2018,8209306
ITA,2018,ITA 2018,42559879
JAM,2018,JAM 2018,1565461
JOR,2018,JOR 2018,9516281
JPN,2018,JPN 2018,116179166
KAZ,2018,KAZ 2018,10495801
KEN,2018,KEN 2018,13502378
KGZ,2018,KGZ 2018,2298401
KHM,2018,KHM 2018,3747983
KIR,2018,KIR 2018,66091
KNA,2018,KNA 2018,14699
KOR,2018,KOR 2018,42020672
KWT,2018,KWT 2018,4317185
LAC,2018,LAC 2018,462369738
LAO,2018,LAO 2018,2487036
LBN,2018,LBN 2018,5272027
LBR,2018,LBR 2018,2500972
LBY,2018,LBY 2018,5188842
LCA,2018,LCA 2018,33226
LCN,2018,LCN 2018,515837393
LDC,2018,LDC 2018,344339100
LIC,2018,LIC 2018,218517548
LIE,2018,LIE 2018,5474
LKA,2018,LKA 2018,4003749
LMC,2018,LMC 2018,1358481166
LMY,2018,LMY 2018,3205493579
LSO,2018,LSO 2018,618808
LTE,2018,LTE 2018,1435285330
LTU,2018,LTU 2018,1896056
LUX,2018,LUX 2018,553119
LVA,2018,LVA 2018,1313215
MAC,2018,MAC 2018,650991
MAR,2018,MAR 2018,22437808
MCO,2018,MCO 2018,37029
MDA,2018,MDA 2018,1154054
MDG,2018,MDG 2018,9984497
MDV,2018,MDV 2018,194963
MEA,2018,MEA 2018,302396489
MEX,2018,MEX 2018,99404550
MHL,2018,MHL 2018,35426
MIC,2018,MIC 2018,2986976031
MKD,2018,MKD 2018,1203438
MLI,2018,MLI 2018,8443371
MLT,2018,MLT 2018,458518
MMR,2018,MMR 2018,16104740
MNA,2018,MNA 2018,244182047
MNE,2018,MNE 2018,415729
MNG,2018,MNG 2018,2165594
MNP,2018,MNP 2018,46088
MOZ,2018,MOZ 2018,10589065
MRT,2018,MRT 2018,2292177
MUS,2018,MUS 2018,516155
MWI,2018,MWI 2018,3110968
MYS,2018,MYS 2018,24635110
NAC,2018,NAC 2018,299083003
NAM,2018,NAM 2018,1203610
NCL,2018,NCL 2018,191671
NER,2018,NER 2018,3708282
NGA,2018,NGA 2018,99876265
NIC,2018,NIC 2018,3846202
NLD,2018,NLD 2018,15765213
NOR,2018,NOR 2018,4368945
NPL,2018,NPL 2018,5627225
NRU,2018,NRU 2018,11924
NZL,2018,NZL 2018,4240881
OED,2018,OED 2018,1093069028
OMN,2018,OMN 2018,3889772
OSS,2018,OSS 2018,19587387
PAK,2018,PAK 2018,80566744
PAN,2018,PAN 2018,2820253
PER,2018,PER 2018,25089127
PHL,2018,PHL 2018,50926384
PLW,2018,PLW 2018,14279
PNG,2018,PNG 2018,1228566
POL,2018,POL 2018,22806875
PRE,2018,PRE 2018,385466105
PRI,2018,PRI 2018,2988277
PRK,2018,PRK 2018,15869758
PRT,2018,PRT 2018,6706183
PRY,2018,PRY 2018,3968124
PSE,2018,PSE 2018,3479999
PSS,2018,PSS 2018,970881
PST,2018,PST 2018,902327230
PYF,2018,PYF 2018,184022
QAT,2018,QAT 2018,2742800
ROU,2018,ROU 2018,10515554
RUS,2018,RUS 2018,107539205
RWA,2018,RWA 2018,2156849
SAS,2018,SAS 2018,625890168
SAU,2018,SAU 2018,29360603
SDN,2018,SDN 2018,14549314
SEN,2018,SEN 2018,7350111
SGP,2018,SGP 2018,5638676
SLB,2018,SLB 2018,156565
SLE,2018,SLE 2018,3306062
SLV,2018,SLV 2018,4520410
SMR,2018,SMR 2018,33209
SOM,2018,SOM 2018,6930523
SRB,2018,SRB 2018,3916682
SSA,2018,SSA 2018,439359562
SSD,2018,SSD 2018,2039044
SSF,2018,SSF 2018,439414417
SST,2018,SST 2018,24340217
STP,2018,STP 2018,153865
SUR,2018,SUR 2018,392208
SVK,2018,SVK 2018,2926332
SVN,2018,SVN 2018,1131123
SWE,2018,SWE 2018,8896291
SWZ,2018,SWZ 2018,276170
SXM,2018,SXM 2018,40895
SYC,2018,SYC 2018,54855
SYR,2018,SYR 2018,10471390
TCA,2018,TCA 2018,38624
TCD,2018,TCD 2018,3598175
TEA,2018,TEA 2018,1149787371
TEC,2018,TEC 2018,303654989
TGO,2018,TGO 2018,3355626
THA,2018,THA 2018,35527626
TJK,2018,TJK 2018,2476827
TKM,2018,TKM 2018,3129150
TLA,2018,TLA 2018,503252040
TLS,2018,TLS 2018,385847
TMN,2018,TMN 2018,240702048
TON,2018,TON 2018,24322
TSA,2018,TSA 2018,625890168
TSS,2018,TSS 2018,439414417
TTO,2018,TTO 2018,800264
TUN,2018,TUN 2018,8227235
TUR,2018,TUR 2018,62225395
TUV,2018,TUV 2018,6778
TZA,2018,TZA 2018,19620628
UGA,2018,UGA 2018,9869870
UKR,2018,UKR 2018,30946609
UMC,2018,UMC 2018,1628494865
URY,2018,URY 2018,3267136
USA,2018,USA 2018,268844029
UZB,2018,UZB 2018,16635580
VCT,2018,VCT 2018,54955
VEN,2018,VEN 2018,26308612
VGB,2018,VGB 2018,14477
VIR,2018,VIR 2018,102422
VNM,2018,VNM 2018,34092278
VUT,2018,VUT 2018,75139
WLD,2018,WLD 2018,4227439914
WSM,2018,WSM 2018,38256
YEM,2018,YEM 2018,11282260
ZAF,2018,ZAF 2018,38047715
ZMB,2018,ZMB 2018,7762359
ZWE,2018,ZWE 2018,4848158
ABW,2019,ABW 2019,46351
AFE,2019,AFE 2019,242451029
AFG,2019,AFG 2019,9727157
AFW,2019,AFW 2019,214684207
AGO,2019,AGO 2019,21410634
ALB,2019,ALB 2019,1747593
AND,2019,AND 2019,67170
ARB,2019,ARB 2019,259953055
ARE,2019,ARE 2019,7994705
ARG,2019,ARG 2019,41339571
ARM,2019,ARM 2019,1783156
ASM,2019,ASM 2019,41239
ATG,2019,ATG 2019,22574
AUS,2019,AUS 2019,21824008
AUT,2019,AUT 2019,5196085
AZE,2019,AZE 2019,5616706
BDI,2019,BDI 2019,1587191
BEL,2019,BEL 2019,11263911
BEN,2019,BEN 2019,5882329
BFA,2019,BFA 2019,6281301
BGD,2019,BGD 2019,61911343
BGR,2019,BGR 2019,5256027
BHR,2019,BHR 2019,1335714
BHS,2019,BHS 2019,336316
BIH,2019,BIH 2019,1634179
BLR,2019,BLR 2019,7445754
BLZ,2019,BLZ 2019,178462
BMU,2019,BMU 2019,63911
BOL,2019,BOL 2019,8217386
BRA,2019,BRA 2019,183878366
BRB,2019,BRB 2019,87298
BRN,2019,BRN 2019,341423
BTN,2019,BTN 2019,319355
BWA,2019,BWA 2019,1754091
CAF,2019,CAF 2019,2175935
CAN,2019,CAN 2019,30638234
CEB,2019,CEB 2019,63935741
CHE,2019,CHE 2019,6332759
CHI,2019,CHI 2019,52400
CHL,2019,CHL 2019,16686776
CHN,2019,CHN 2019,848982855
CIV,2019,CIV 2019,13397744
CMR,2019,CMR 2019,14687684
COD,2019,COD 2019,40499458
COG,2019,COG 2019,3753170
COL,2019,COL 2019,40703994
COM,2019,COM 2019,230683
CPV,2019,CPV 2019,381965
CRI,2019,CRI 2019,4071490
CSS,2019,CSS 2019,3816926
CUB,2019,CUB 2019,8726192
CUW,2019,CUW 2019,140277
CYM,2019,CYM 2019,66134
CYP,2019,CYP 2019,820924
CZE,2019,CZE 2019,7888753
DEU,2019,DEU 2019,64294010
DJI,2019,DJI 2019,836802
DMA,2019,DMA 2019,50561
DNK,2019,DNK 2019,5116342
DOM,2019,DOM 2019,8904426
DZA,2019,DZA 2019,31255632
EAP,2019,EAP 2019,1191998162
EAR,2019,EAR 2019,1516787804
EAS,2019,EAS 2019,1409751117
ECA,2019,ECA 2019,269739792
ECS,2019,ECS 2019,665705220
ECU,2019,ECU 2019,11097565
EGY,2019,EGY 2019,45130858
EMU,2019,EMU 2019,264481968
ERI,2019,ERI 2019,1424439
ESP,2019,ESP 2019,37974181
EST,2019,EST 2019,916236
ETH,2019,ETH 2019,24222096
EUU,2019,EUU 2019,334356258
FCS,2019,FCS 2019,413500046
FIN,2019,FIN 2019,4717991
FJI,2019,FJI 2019,521229
FRA,2019,FRA 2019,54388182
FRO,2019,FRO 2019,21822
FSM,2019,FSM 2019,25408
GAB,2019,GAB 2019,2012698
GBR,2019,GBR 2019,55909924
GEO,2019,GEO 2019,2196346
GHA,2019,GHA 2019,17875345
GIB,2019,GIB 2019,32685
GIN,2019,GIN 2019,4700302
GMB,2019,GMB 2019,1553776
GNB,2019,GNB 2019,862607
GNQ,2019,GNQ 2019,1127920
GRC,2019,GRC 2019,8511650
GRD,2019,GRD 2019,44667
GRL,2019,GRL 2019,48945
GTM,2019,GTM 2019,8540945
GUM,2019,GUM 2019,159955
GUY,2019,GUY 2019,213179
HIC,2019,HIC 2019,1002221498
HKG,2019,HKG 2019,7507900
HND,2019,HND 2019,5749232
HPC,2019,HPC 2019,297925542
HRV,2019,HRV 2019,2327032
HTI,2019,HTI 2019,6271273
HUN,2019,HUN 2019,7000436
IBD,2019,IBD 2019,2697553389
IBT,2019,IBT 2019,3335037420
IDA,2019,IDA 2019,637484031
IDB,2019,IDB 2019,243500450
IDN,2019,IDN 2019,150925974
IDX,2019,IDX 2019,393983581
IMN,2019,IMN 2019,44262
IND,2019,IND 2019,476786386
IRL,2019,IRL 2019,3128618
IRN,2019,IRN 2019,65261618
IRQ,2019,IRQ 2019,29376265
ISL,2019,ISL 2019,338406
ISR,2019,ISR 2019,8375041
ITA,2019,ITA 2019,42249963
JAM,2019,JAM 2019,1575291
JOR,2019,JOR 2019,9757520
JPN,2019,JPN 2019,116119928
KAZ,2019,KAZ 2019,10652767
KEN,2019,KEN 2019,14015215
KGZ,2019,KGZ 2019,2362388
KHM,2019,KHM 2019,3858254
KIR,2019,KIR 2019,68128
KNA,2019,KNA 2019,14695
KOR,2019,KOR 2019,42152095
KWT,2019,KWT 2019,4441100
LAC,2019,LAC 2019,468832625
LAO,2019,LAO 2019,2570736
LBN,2019,LBN 2019,5131905
LBR,2019,LBR 2019,2573157
LBY,2019,LBY 2019,5281087
LCA,2019,LCA 2019,33491
LCN,2019,LCN 2019,521945599
LDC,2019,LDC 2019,358306106
LIC,2019,LIC 2019,227761784
LIE,2019,LIE 2019,5530
LKA,2019,LKA 2019,4052088
LMC,2019,LMC 2019,1392531817
LMY,2019,LMY 2019,3278474676
LSO,2019,LSO 2019,636217
LTE,2019,LTE 2019,1461305143
LTU,2019,LTU 2019,1895962
LUX,2019,LUX 2019,565584
LVA,2019,LVA 2019,1305648
MAC,2019,MAC 2019,663653
MAR,2019,MAR 2019,22869599
MCO,2019,MCO 2019,37034
MDA,2019,MDA 2019,1138316
MDG,2019,MDG 2019,10424320
MDV,2019,MDV 2019,203004
MEA,2019,MEA 2019,309063077
MEX,2019,MEX 2019,100623628
MHL,2019,MHL 2019,34627
MIC,2019,MIC 2019,3050712892
MKD,2019,MKD 2019,1208802
MLI,2019,MLI 2019,8871964
MLT,2019,MLT 2019,477236
MMR,2019,MMR 2019,16363966
MNA,2019,MNA 2019,249603826
MNE,2019,MNE 2019,417692
MNG,2019,MNG 2019,2215604
MNP,2019,MNP 2019,45724
MOZ,2019,MOZ 2019,11062722
MRT,2019,MRT 2019,2389505
MUS,2019,MUS 2019,515980
MWI,2019,MWI 2019,3240276
MYS,2019,MYS 2019,25130176
NAC,2019,NAC 2019,301439741
NAM,2019,NAM 2019,1248816
NCL,2019,NCL 2019,192855
NER,2019,NER 2019,3872145
NGA,2019,NGA 2019,104004479
NIC,2019,NIC 2019,3915722
NLD,2019,NLD 2019,15935776
NOR,2019,NOR 2019,4418218
NPL,2019,NPL 2019,5810613
NRU,2019,NRU 2019,12132
NZL,2019,NZL 2019,4312734
OED,2019,OED 2019,1101380106
OMN,2019,OMN 2019,3932743
OSS,2019,OSS 2019,20039708
PAK,2019,PAK 2019,82410851
PAN,2019,PAN 2019,2880619
PER,2019,PER 2019,25635888
PHL,2019,PHL 2019,52043445
PLW,2019,PLW 2019,14417
PNG,2019,PNG 2019,1264379
POL,2019,POL 2019,22793332
PRE,2019,PRE 2019,401490991
PRI,2019,PRI 2019,2988531
PRK,2019,PRK 2019,16002886
PRT,2019,PRT 2019,6764658
PRY,2019,PRY 2019,4040715
PSE,2019,PSE 2019,3581448
PSS,2019,PSS 2019,986096
PST,2019,PST 2019,907057121
PYF,2019,PYF 2019,185516
QAT,2019,QAT 2019,2784440
ROU,2019,ROU 2019,10476962
RUS,2019,RUS 2019,107708298
RWA,2019,RWA 2019,2222128
SAS,2019,SAS 2019,641220797
SAU,2019,SAU 2019,30118272
SDN,2019,SDN 2019,15103564
SEN,2019,SEN 2019,7624852
SGP,2019,SGP 2019,5703569
SLB,2019,SLB 2019,163416
SLE,2019,SLE 2019,3418614
SLV,2019,SLV 2019,4568607
SMR,2019,SMR 2019,33278
SOM,2019,SOM 2019,7280121
SRB,2019,SRB 2019,3907389
SSA,2019,SSA 2019,457079474
SSD,2019,SSD 2019,2078981
SSF,2019,SSF 2019,457135236
SST,2019,SST 2019,24842730
STP,2019,STP 2019,157941
SUR,2019,SUR 2019,396769
SVK,2019,SVK 2019,2930459
SVN,2019,SVN 2019,1144894
SWE,2019,SWE 2019,9015406
SWZ,2019,SWZ 2019,280485
SXM,2019,SXM 2019,41608
SYC,2019,SYC 2019,55762
SYR,2019,SYR 2019,11018062
TCA,2019,TCA 2019,40219
TCD,2019,TCD 2019,3754173
TEA,2019,TEA 2019,1175966169
TEC,2019,TEC 2019,305337118
TGO,2019,TGO 2019,3482542
THA,2019,THA 2019,36147331
TJK,2019,TJK 2019,2549842
TKM,2019,TKM 2019,3205334
TLA,2019,TLA 2019,509355722
TLS,2019,TLS 2019,396257
TMN,2019,TMN 2019,246022378
TON,2019,TON 2019,24251
TSA,2019,TSA 2019,641220797
TSS,2019,TSS 2019,457135236
TTO,2019,TTO 2019,808418
TUN,2019,TUN 2019,8344632
TUR,2019,TUR 2019,63137198
TUV,2019,TUV 2019,6926
TZA,2019,TZA 2019,20656040
UGA,2019,UGA 2019,10462825
UKR,2019,UKR 2019,30836427
UMC,2019,UMC 2019,1658181075
URY,2019,URY 2019,3271594
USA,2019,USA 2019,270737596
UZB,2019,UZB 2019,16935578
VCT,2019,VCT 2019,55205
VEN,2019,VEN 2019,25564613
VGB,2019,VGB 2019,14728
VIR,2019,VIR 2019,102223
VNM,2019,VNM 2019,35081096
VUT,2019,VUT 2019,77300
WLD,2019,WLD 2019,4306260787
WSM,2019,WSM 2019,38262
YEM,2019,YEM 2019,11758398
ZAF,2019,ZAF 2019,38834681
ZMB,2019,ZMB 2019,8100644
ZWE,2019,ZWE 2019,4945719
ABW,2020,ABW 2020,46574
AFE,2020,AFE 2020,252315370
AFG,2020,AFG 2020,10142913
AFW,2020,AFW 2020,223107995
AGO,2020,AGO 2020,22338586
ALB,2020,ALB 2020,1762645
AND,2020,AND 2020,68311
ARB,2020,ARB 2020,265438305
ARE,2020,ARE 2020,8084399
ARG,2020,ARG 2020,41796990
ARM,2020,ARM 2020,1776315
ASM,2020,ASM 2020,40255
ATG,2020,ATG 2020,22641
AUS,2020,AUS 2020,22125378
AUT,2020,AUT 2020,5238479
AZE,2020,AZE 2020,5692217
BDI,2020,BDI 2020,1675149
BEL,2020,BEL 2020,11316947
BEN,2020,BEN 2020,6121168
BFA,2020,BFA 2020,6587430
BGD,2020,BGD 2020,63916296
BGR,2020,BGR 2020,5248079
BHR,2020,BHR 2020,1322423
BHS,2020,BHS 2020,338367
BIH,2020,BIH 2020,1626683
BLR,2020,BLR 2020,7455467
BLZ,2020,BLZ 2020,181762
BMU,2020,BMU 2020,63893
BOL,2020,BOL 2020,8369995
BRA,2020,BRA 2020,185636418
BRB,2020,BRB 2020,87551
BRN,2020,BRN 2020,345650
BTN,2020,BTN 2020,326894
BWA,2020,BWA 2020,1804813
CAF,2020,CAF 2020,2254648
CAN,2020,CAN 2020,31023904
CEB,2020,CEB 2020,63925372
CHE,2020,CHE 2020,6384901
CHI,2020,CHI 2020,52982
CHL,2020,CHL 2020,16931587
CHN,2020,CHN 2020,866810508
CIV,2020,CIV 2020,13863304
CMR,2020,CMR 2020,15248270
COD,2020,COD 2020,42376327
COG,2020,COG 2020,3867728
COL,2020,COL 2020,41470292
COM,2020,COM 2020,236852
CPV,2020,CPV 2020,388341
CRI,2020,CRI 2020,4137983
CSS,2020,CSS 2020,3841826
CUB,2020,CUB 2020,8723461
CUW,2020,CUW 2020,137999
CYM,2020,CYM 2020,67311
CYP,2020,CYP 2020,826935
CZE,2020,CZE 2020,7922941
DEU,2020,DEU 2020,64410589
DJI,2020,DJI 2020,850998
DMA,2020,DMA 2020,51181
DNK,2020,DNK 2020,5138400
DOM,2020,DOM 2020,9079123
DZA,2020,DZA 2020,32038217
EAP,2020,EAP 2020,1216850621
EAR,2020,EAR 2020,1548266308
EAS,2020,EAS 2020,1434881782
ECA,2020,ECA 2020,271288116
ECS,2020,ECS 2020,668965453
ECU,2020,ECU 2020,11285898
EGY,2020,EGY 2020,45976808
EMU,2020,EMU 2020,265634146
ERI,2020,ERI 2020,1470245
ESP,2020,ESP 2020,38276186
EST,2020,EST 2020,920415
ETH,2020,ETH 2020,25424568
EUU,2020,EUU 2020,335592576
FCS,2020,FCS 2020,426677006
FIN,2020,FIN 2020,4728699
FJI,2020,FJI 2020,526914
FRA,2020,FRA 2020,54715704
FRO,2020,FRO 2020,22223
FSM,2020,FSM 2020,25709
GAB,2020,GAB 2020,2065425
GBR,2020,GBR 2020,56282971
GEO,2020,GEO 2020,2213266
GHA,2020,GHA 2020,18455138
GIB,2020,GIB 2020,32709
GIN,2020,GIN 2020,4869400
GMB,2020,GMB 2020,1610858
GNB,2020,GNB 2020,890915
GNQ,2020,GNQ 2020,1166712
GRC,2020,GRC 2020,8528388
GRD,2020,GRD 2020,45183
GRL,2020,GRL 2020,49198
GTM,2020,GTM 2020,8738685
GUM,2020,GUM 2020,160665
GUY,2020,GUY 2020,213539
HIC,2020,HIC 2020,1008611990
HKG,2020,HKG 2020,7481000
HND,2020,HND 2020,5906960
HPC,2020,HPC 2020,310330898
HRV,2020,HRV 2020,2329561
HTI,2020,HTI 2020,6454827
HUN,2020,HUN 2020,7014452
IBD,2020,IBD 2020,2745121628
IBT,2020,IBT 2020,3406102592
IDA,2020,IDA 2020,660980964
IDB,2020,IDB 2020,251469607
IDN,2020,IDN 2020,153983073
IDX,2020,IDX 2020,409511357
IMN,2020,IMN 2020,44459
IND,2020,IND 2020,487702168
IRL,2020,IRL 2020,3173345
IRN,2020,IRN 2020,66230561
IRQ,2020,IRQ 2020,30169923
ISL,2020,ISL 2020,344101
ISR,2020,ISR 2020,8531985
ITA,2020,ITA 2020,42224765
JAM,2020,JAM 2020,1588216
JOR,2020,JOR 2020,9990818
JPN,2020,JPN 2020,115884871
KAZ,2020,KAZ 2020,10816580
KEN,2020,KEN 2020,14553419
KGZ,2020,KGZ 2020,2425088
KHM,2020,KHM 2020,3973287
KIR,2020,KIR 2020,70306
KNA,2020,KNA 2020,14694
KOR,2020,KOR 2020,42201956
KWT,2020,KWT 2020,4360444
LAC,2020,LAC 2020,474691777
LAO,2020,LAO 2020,2656210
LBN,2020,LBN 2020,5035754
LBR,2020,LBR 2020,2650072
LBY,2020,LBY 2020,5369132
LCA,2020,LCA 2020,33770
LCN,2020,LCN 2020,527782335
LDC,2020,LDC 2020,372846712
LIC,2020,LIC 2020,237349346
LIE,2020,LIE 2020,5587
LKA,2020,LKA 2020,4101702
LMC,2020,LMC 2020,1426963556
LMY,2020,LMY 2020,3349951692
LSO,2020,LSO 2020,654320
LTE,2020,LTE 2020,1485116071
LTU,2020,LTU 2020,1901807
LUX,2020,LUX 2020,576537
LVA,2020,LVA 2020,1298292
MAC,2020,MAC 2020,676283
MAR,2020,MAR 2020,23309111
MCO,2020,MCO 2020,36922
MDA,2020,MDA 2020,1129127
MDG,2020,MDG 2020,10876290
MDV,2020,MDV 2020,209217
MEA,2020,MEA 2020,314666352
MEX,2020,MEX 2020,101719689
MHL,2020,MHL 2020,33773
MIC,2020,MIC 2020,3112602346
MKD,2020,MKD 2020,1212058
MLI,2020,MLI 2020,9319264
MLT,2020,MLT 2020,488246
MMR,2020,MMR 2020,16636518
MNA,2020,MNA 2020,254878842
MNE,2020,MNE 2020,419307
MNG,2020,MNG 2020,2261792
MNP,2020,MNP 2020,45520
MOZ,2020,MOZ 2020,11559020
MRT,2020,MRT 2020,2488943
MUS,2020,MUS 2020,515916
MWI,2020,MWI 2020,3376840
MYS,2020,MYS 2020,25617115
NAC,2020,NAC 2020,305119850
NAM,2020,NAM 2020,1295152
NCL,2020,NCL 2020,193907
NER,2020,NER 2020,4045711
NGA,2020,NGA 2020,108242753
NIC,2020,NIC 2020,3986789
NLD,2020,NLD 2020,16087342
NOR,2020,NOR 2020,4463566
NPL,2020,NPL 2020,6038773
NRU,2020,NRU 2020,12315
NZL,2020,NZL 2020,4413152
OED,2020,OED 2020,1110238801
OMN,2020,OMN 2020,3919863
OSS,2020,OSS 2020,20367677
PAK,2020,PAK 2020,84437669
PAN,2020,PAN 2020,2937968
PER,2020,PER 2020,26076625
PHL,2020,PHL 2020,53187498
PLW,2020,PLW 2020,14555
PNG,2020,PNG 2020,1301089
POL,2020,POL 2020,22755739
PRE,2020,PRE 2020,418085743
PRI,2020,PRI 2020,3070896
PRK,2020,PRK 2020,16136385
PRT,2020,PRT 2020,6827994
PRY,2020,PRY 2020,4115703
PSE,2020,PSE 2020,3685020
PSS,2020,PSS 2020,1003495
PST,2020,PST 2020,912533657
PYF,2020,PYF 2020,187115
QAT,2020,QAT 2020,2739268
ROU,2020,ROU 2020,10440610
RUS,2020,RUS 2020,107700434
RWA,2020,RWA 2020,2291674
SAS,2020,SAS 2020,656875632
SAU,2020,SAU 2020,30340882
SDN,2020,SDN 2020,15666605
SEN,2020,SEN 2020,7909390
SGP,2020,SGP 2020,5685807
SLB,2020,SLB 2020,170517
SLE,2020,SLE 2020,3534267
SLV,2020,SLV 2020,4621633
SMR,2020,SMR 2020,33156
SOM,2020,SOM 2020,7630345
SRB,2020,SRB 2020,3894281
SSA,2020,SSA 2020,475366704
SSD,2020,SSD 2020,2142352
SSF,2020,SSF 2020,475423365
SST,2020,SST 2020,25212998
STP,2020,STP 2020,162568
SUR,2020,SUR 2020,401567
SVK,2020,SVK 2020,2934665
SVN,2020,SVN 2020,1158811
SWE,2020,SWE 2020,9108648
SWZ,2020,SWZ 2020,285376
SXM,2020,SXM 2020,42310
SYC,2020,SYC 2020,56661
SYR,2020,SYR 2020,11523597
TCA,2020,TCA 2020,41445
TCD,2020,TCD 2020,3914834
TEA,2020,TEA 2020,1200686296
TEC,2020,TEC 2020,306814026
TGO,2020,TGO 2020,3613424
THA,2020,THA 2020,36759934
TJK,2020,TJK 2020,2624955
TKM,2020,TKM 2020,3282480
TLA,2020,TLA 2020,515109451
TLS,2020,TLS 2020,407158
TMN,2020,TMN 2020,251193822
TON,2020,TON 2020,24313
TSA,2020,TSA 2020,656875632
TSS,2020,TSS 2020,475423365
TTO,2020,TTO 2020,807867
TUN,2020,TUN 2020,8460667
TUR,2020,TUR 2020,64031267
TUV,2020,TUV 2020,7086
TZA,2020,TZA 2020,21736651
UGA,2020,UGA 2020,11080727
UKR,2020,UKR 2020,30719437
UMC,2020,UMC 2020,1685638790
URY,2020,URY 2020,3275291
USA,2020,USA 2020,274032053
UZB,2020,UZB 2020,17258430
VCT,2020,VCT 2020,55488
VEN,2020,VEN 2020,25151087
VGB,2020,VGB 2020,14996
VIR,2020,VIR 2020,101974
VNM,2020,VNM 2020,36088619
VUT,2020,VUT 2020,79558
WLD,2020,WLD 2020,4383714769
WSM,2020,WSM 2020,38449
YEM,2020,YEM 2020,12238236
ZAF,2020,ZAF 2020,39605450
ZMB,2020,ZMB 2020,8447250
ZWE,2020,ZWE 2020,5052214
ABW,2021,ABW 2021,46734
AFE,2021,AFE 2021,262376949
AFG,2021,AFG 2021,10551772
AFW,2021,AFW 2021,231704052
AGO,2021,AGO 2021,23276246
ALB,2021,ALB 2021,1770478
AND,2021,AND 2021,69438
ARB,2021,ARB 2021,270693478
ARE,2021,ARE 2021,8175678
ARG,2021,ARG 2021,42248949
ARM,2021,ARM 2021,1770343
ASM,2021,ASM 2021,39257
ATG,2021,ATG 2021,22727
AUS,2021,AUS 2021,22184739
AUT,2021,AUT 2021,5283472
AZE,2021,AZE 2021,5755809
BDI,2021,BDI 2021,1764450
BEL,2021,BEL 2021,11374657
BEN,2021,BEN 2021,6364839
BFA,2021,BFA 2021,6904253
BGD,2021,BGD 2021,65957486
BGR,2021,BGR 2021,5228804
BHR,2021,BHR 2021,1311407
BHS,2021,BHS 2021,340051
BIH,2021,BIH 2021,1616664
BLR,2021,BLR 2021,7463845
BLZ,2021,BLZ 2021,184818
BMU,2021,BMU 2021,63867
BOL,2021,BOL 2021,8513008
BRA,2021,BRA 2021,187143228
BRB,2021,BRB 2021,87864
BRN,2021,BRN 2021,349858
BTN,2021,BTN 2021,334381
BWA,2021,BWA 2021,1852275
CAF,2021,CAF 2021,2327367
CAN,2021,CAN 2021,31229095
CEB,2021,CEB 2021,63586308
CHE,2021,CHE 2021,6440172
CHI,2021,CHI 2021,53552
CHL,2021,CHL 2021,17118329
CHN,2021,CHN 2021,882894483
CIV,2021,CIV 2021,14338150
CMR,2021,CMR 2021,15815458
COD,2021,COD 2021,44336645
COG,2021,COG 2021,3984863
COL,2021,COL 2021,42109638
COM,2021,COM 2021,243308
CPV,2021,CPV 2021,394509
CRI,2021,CRI 2021,4196609
CSS,2021,CSS 2021,3874297
CUB,2021,CUB 2021,8700275
CUW,2021,CUW 2021,135666
CYM,2021,CYM 2021,68136
CYP,2021,CYP 2021,831814
CZE,2021,CZE 2021,7796754
DEU,2021,DEU 2021,64513567
DJI,2021,DJI 2021,864734
DMA,2021,DMA 2021,51699
DNK,2021,DNK 2021,5167981
DOM,2021,DOM 2021,9251516
DZA,2021,DZA 2021,32807002
EAP,2021,EAP 2021,1239686383
EAR,2021,EAR 2021,1578900496
EAS,2021,EAS 2021,1457042236
ECA,2021,ECA 2021,272552372
ECS,2021,ECS 2021,671416247
ECU,2021,ECU 2021,11454802
EGY,2021,EGY 2021,46831955
EMU,2021,EMU 2021,266563346
ERI,2021,ERI 2021,1519988
ESP,2021,ESP 2021,38433310
EST,2021,EST 2021,923866
ETH,2021,ETH 2021,26671558
EUU,2021,EUU 2021,336283387
FCS,2021,FCS 2021,440250666
FIN,2021,FIN 2021,4742889
FJI,2021,FJI 2021,533870
FRA,2021,FRA 2021,55041156
FRO,2021,FRO 2021,22522
FSM,2021,FSM 2021,26097
GAB,2021,GAB 2021,2116964
GBR,2021,GBR 2021,56656654
GEO,2021,GEO 2021,2220419
GHA,2021,GHA 2021,19038233
GIB,2021,GIB 2021,32669
GIN,2021,GIN 2021,5042529
GMB,2021,GMB 2021,1669008
GNB,2021,GNB 2021,919432
GNQ,2021,GNQ 2021,1202330
GRC,2021,GRC 2021,8517020
GRD,2021,GRD 2021,45724
GRL,2021,GRL 2021,49575
GTM,2021,GTM 2021,8938987
GUM,2021,GUM 2021,162033
GUY,2021,GUY 2021,216404
HIC,2021,HIC 2021,1010683527
HKG,2021,HKG 2021,7413100
HND,2021,HND 2021,6062373
HPC,2021,HPC 2021,323069791
HRV,2021,HRV 2021,2256663
HTI,2021,HTI 2021,6635469
HUN,2021,HUN 2021,7014911
IBD,2021,IBD 2021,2789150013
IBT,2021,IBT 2021,3474297025
IDA,2021,IDA 2021,685147012
IDB,2021,IDB 2021,259746916
IDN,2021,IDN 2021,156833203
IDX,2021,IDX 2021,425400096
IMN,2021,IMN 2021,44723
IND,2021,IND 2021,498179071
IRL,2021,IRL 2021,3216796
IRN,2021,IRN 2021,67125144
IRQ,2021,IRQ 2021,30960655
ISL,2021,ISL 2021,349960
ISR,2021,ISR 2021,8677993
ITA,2021,ITA 2021,42172384
JAM,2021,JAM 2021,1601946
JOR,2021,JOR 2021,10214721
JPN,2021,JPN 2021,115459909
KAZ,2021,KAZ 2021,10986561
KEN,2021,KEN 2021,15102890
KGZ,2021,KGZ 2021,2485736
KHM,2021,KHM 2021,4092180
KIR,2021,KIR 2021,72601
KNA,2021,KNA 2021,14713
KOR,2021,KOR 2021,42127573
KWT,2021,KWT 2021,4250114
LAC,2021,LAC 2021,479899567
LAO,2021,LAO 2021,2742742
LBN,2021,LBN 2021,4982643
LBR,2021,LBR 2021,2730335
LBY,2021,LBY 2021,5455170
LCA,2021,LCA 2021,34026
LCN,2021,LCN 2021,532978690
LDC,2021,LDC 2021,387803426
LIC,2021,LIC 2021,247129654
LIE,2021,LIE 2021,5649
LKA,2021,LKA 2021,4178622
LMC,2021,LMC 2021,1461124304
LMY,2021,LMY 2021,3418561466
LSO,2021,LSO 2021,672573
LTE,2021,LTE 2021,1506333928
LTU,2021,LTU 2021,1911545
LUX,2021,LUX 2021,586759
LVA,2021,LVA 2021,1289387
MAC,2021,MAC 2021,686607
MAR,2021,MAR 2021,23753114
MCO,2021,MCO 2021,36686
MDA,2021,MDA 2021,1124483
MDG,2021,MDG 2021,11336960
MDV,2021,MDV 2021,214329
MEA,2021,MEA 2021,319928723
MEX,2021,MEX 2021,102651435
MHL,2021,MHL 2021,32867
MIC,2021,MIC 2021,3171431812
MKD,2021,MKD 2021,1213985
MLI,2021,MLI 2021,9786489
MLT,2021,MLT 2021,491624
MMR,2021,MMR 2021,16918421
MNA,2021,MNA 2021,260037321
MNE,2021,MNE 2021,419986
MNG,2021,MNG 2021,2302772
MNP,2021,MNP 2021,45468
MOZ,2021,MOZ 2021,12069961
MRT,2021,MRT 2021,2590523
MUS,2021,MUS 2021,516236
MWI,2021,MWI 2021,3519490
MYS,2021,MYS 2021,26085557
NAC,2021,NAC 2021,306343265
NAM,2021,NAM 2021,1341107
NCL,2021,NCL 2021,194938
NER,2021,NER 2021,4230083
NGA,2021,NGA 2021,112560662
NIC,2021,NIC 2021,4060795
NLD,2021,NLD 2021,16230689
NOR,2021,NOR 2021,4506374
NPL,2021,NPL 2021,6309750
NRU,2021,NRU 2021,12511
NZL,2021,NZL 2021,4445853
OED,2021,OED 2021,1115203157
OMN,2021,OMN 2021,3934799
OSS,2021,OSS 2021,20655722
PAK,2021,PAK 2021,86636953
PAN,2021,PAN 2021,2992584
PER,2021,PER 2021,26466645
PHL,2021,PHL 2021,54302696
PLW,2021,PLW 2021,14686
PNG,2021,PNG 2021,1338796
POL,2021,POL 2021,22676585
PRE,2021,PRE 2021,435065831
PRI,2021,PRI 2021,3054454
PRK,2021,PRK 2021,16269323
PRT,2021,PRT 2021,6902258
PRY,2021,PRY 2021,4189606
PSE,2021,PSE 2021,3790664
PSS,2021,PSS 2021,1022974
PST,2021,PST 2021,914119493
PYF,2021,PYF 2021,188701
QAT,2021,QAT 2021,2668826
ROU,2021,ROU 2021,10387640
RUS,2021,RUS 2021,107492288
RWA,2021,RWA 2021,2364984
SAS,2021,SAS 2021,672362364
SAU,2021,SAU 2021,30380961
SDN,2021,SDN 2021,16250768
SEN,2021,SEN 2021,8202086
SGP,2021,SGP 2021,5453566
SLB,2021,SLB 2021,177869
SLE,2021,SLE 2021,3652200
SLV,2021,SLV 2021,4679934
SMR,2021,SMR 2021,32942
SOM,2021,SOM 2021,7974917
SRB,2021,SRB 2021,3871714
SSA,2021,SSA 2021,494023459
SSD,2021,SSD 2021,2204901
SSF,2021,SSF 2021,494081001
SST,2021,SST 2021,25552993
STP,2021,STP 2021,167493
SUR,2021,SUR 2021,405913
SVK,2021,SVK 2021,2931708
SVN,2021,SVN 2021,1168445
SWE,2021,SWE 2021,9190703
SWZ,2021,SWZ 2021,290545
SXM,2021,SXM 2021,42846
SYC,2021,SYC 2021,57542
SYR,2021,SYR 2021,11968088
TCA,2021,TCA 2021,42332
TCD,2021,TCD 2021,4085514
TEA,2021,TEA 2021,1223390314
TEC,2021,TEC 2021,307873260
TGO,2021,TGO 2021,3748225
THA,2021,THA 2021,37349283
TJK,2021,TJK 2021,2703303
TKM,2021,TKM 2021,3361056
TLA,2021,TLA 2021,520343429
TLS,2021,TLS 2021,418673
TMN,2021,TMN 2021,256246657
TON,2021,TON 2021,24494
TSA,2021,TSA 2021,672362364
TSS,2021,TSS 2021,494081001
TTO,2021,TTO 2021,812644
TUN,2021,TUN 2021,8570328
TUR,2021,TUR 2021,64911679
TUV,2021,TUV 2021,7259
TZA,2021,TZA 2021,22862550
UGA,2021,UGA 2021,11717016
UKR,2021,UKR 2021,30548582
UMC,2021,UMC 2021,1710307508
URY,2021,URY 2021,3275607
USA,2021,USA 2021,275050303
UZB,2021,UZB 2021,17606637
VCT,2021,VCT 2021,55768
VEN,2021,VEN 2021,24907533
VGB,2021,VGB 2021,15225
VIR,2021,VIR 2021,101678
VNM,2021,VNM 2021,37088534
VUT,2021,VUT 2021,81907
WLD,2021,WLD 2021,4454152526
WSM,2021,WSM 2021,38813
YEM,2021,YEM 2021,12713103
ZAF,2021,ZAF 2021,40295863
ZMB,2021,ZMB 2021,8800295
ZWE,2021,ZWE 2021,5166388
