economy,id_year,year,co2_emis
ABW,ABW 2011,2011,
AFE,AFE 2011,2011,0.970187523
AFG,AFG 2011,2011,0.305307955
AFW,AFW 2011,2011,0.468717763
AGO,AGO 2011,2011,0.983960246
ALB,ALB 2011,2011,1.66942319
AND,AND 2011,2011,6.943755715
ARB,ARB 2011,2011,4.229551929
ARE,ARE 2011,2011,19.31149239
ARG,ARG 2011,2011,4.280989353
ARM,ARM 2011,2011,1.686596291
ASM,ASM 2011,2011,
ATG,ATG 2011,2011,6.226291338
AUS,AUS 2011,2011,17.29541584
AUT,AUT 2011,2011,8.135474381
AZE,AZE 2011,2011,2.973918764
BDI,BDI 2011,2011,0.038072143
BEL,BEL 2011,2011,8.740505152
BEN,BEN 2011,2011,0.478081269
BFA,BFA 2011,2011,0.148169111
BGD,BGD 2011,2011,0.362290354
BGR,BGR 2011,2011,6.755278124
BHR,BHR 2011,2011,21.4672834
BHS,BHS 2011,2011,6.799841072
BIH,BIH 2011,2011,6.34226534
BLR,BLR 2011,2011,6.18814293
BLZ,BLZ 2011,2011,2.03314949
BMU,BMU 2011,2011,
BOL,BOL 2011,2011,1.597692149
BRA,BRA 2011,2011,2.110701416
BRB,BRB 2011,2011,6.388709373
BRN,BRN 2011,2011,18.25626497
BTN,BTN 2011,2011,0.827105472
BWA,BWA 2011,2011,1.818150348
CAF,CAF 2011,2011,0.040151968
CAN,CAN 2011,2011,15.9959443
CEB,CEB 2011,2011,6.78806356
CHE,CHE 2011,2011,5.205754138
CHI,CHI 2011,2011,
CHL,CHL 2011,2011,4.45277178
CHN,CHN 2011,2011,6.901344429
CIV,CIV 2011,2011,0.283820632
CMR,CMR 2011,2011,0.333025685
COD,COD 2011,2011,0.043988524
COG,COG 2011,2011,1.173592194
COL,COL 2011,2011,1.525086683
COM,COM 2011,2011,0.223856884
CPV,CPV 2011,2011,1.080525691
CRI,CRI 2011,2011,1.587631905
CSS,CSS 2011,2011,5.783352616
CUB,CUB 2011,2011,2.441871696
CUW,CUW 2011,2011,
CYM,CYM 2011,2011,
CYP,CYP 2011,2011,6.663255087
CZE,CZE 2011,2011,10.4010178
DEU,DEU 2011,2011,9.299036295
DJI,DJI 2011,2011,0.512376551
DMA,DMA 2011,2011,2.618486619
DNK,DNK 2011,2011,7.73708669
DOM,DOM 2011,2011,2.111324225
DZA,DZA 2011,2011,3.305372102
EAP,EAP 2011,2011,5.296884898
EAR,EAR 2011,2011,2.036603271
EAS,EAS 2011,2011,5.988208696
ECA,ECA 2011,2011,7.876863508
ECS,ECS 2011,2011,7.409281312
ECU,ECU 2011,2011,2.434746077
EGY,EGY 2011,2011,2.306837216
EMU,EMU 2011,2011,7.188388714
ERI,ERI 2011,2011,0.177704615
ESP,ESP 2011,2011,5.87043563
EST,EST 2011,2011,13.68801133
ETH,ETH 2011,2011,0.082119038
EUU,EUU 2011,2011,7.074828682
FCS,FCS 2011,2011,0.807017252
FIN,FIN 2011,2011,10.22962444
FJI,FJI 2011,2011,1.221989216
FRA,FRA 2011,2011,5.128759961
FRO,FRO 2011,2011,
FSM,FSM 2011,2011,1.112274855
GAB,GAB 2011,2011,3.260931007
GBR,GBR 2011,2011,7.043919991
GEO,GEO 2011,2011,1.735685448
GHA,GHA 2011,2011,0.448371612
GIB,GIB 2011,2011,
GIN,GIN 2011,2011,0.248866979
GMB,GMB 2011,2011,0.225201324
GNB,GNB 2011,2011,0.14915939
GNQ,GNQ 2011,2011,8.728031196
GRC,GRC 2011,2011,7.61375705
GRD,GRD 2011,2011,2.697575683
GRL,GRL 2011,2011,
GTM,GTM 2011,2011,0.808455576
GUM,GUM 2011,2011,
GUY,GUY 2011,2011,2.458917328
HIC,HIC 2011,2011,10.90302069
HKG,HKG 2011,2011,
HND,HND 2011,2011,1.021745008
HPC,HPC 2011,2011,0.2381007
HRV,HRV 2011,2011,4.445615774
HTI,HTI 2011,2011,0.271239243
HUN,HUN 2011,2011,4.704300453
IBD,IBD 2011,2011,4.162380544
IBT,IBT 2011,2011,3.279966674
IDA,IDA 2011,2011,0.498339426
IDB,IDB 2011,2011,0.846325348
IDN,IDN 2011,2011,1.923555566
IDX,IDX 2011,2011,0.318569344
IMN,IMN 2011,2011,
IND,IND 2011,2011,1.396875309
INX,INX 2011,2011,
IRL,IRL 2011,2011,8.008586809
IRN,IRN 2011,2011,7.231182918
IRQ,IRQ 2011,2011,3.491252948
ISL,ISL 2011,2011,5.924504836
ISR,ISR 2011,2011,8.990702786
ITA,ITA 2011,2011,6.680594198
JAM,JAM 2011,2011,2.742001752
JOR,JOR 2011,2011,2.919839469
JPN,JPN 2011,2011,9.493010565
KAZ,KAZ 2011,2011,14.82436446
KEN,KEN 2011,2011,0.305616412
KGZ,KGZ 2011,2011,1.38178651
KHM,KHM 2011,2011,0.367781146
KIR,KIR 2011,2011,0.455079145
KNA,KNA 2011,2011,5.884701902
KOR,KOR 2011,2011,11.98478721
KWT,KWT 2011,2011,26.49320522
LAC,LAC 2011,2011,2.527013044
LAO,LAO 2011,2011,0.473791308
LBN,LBN 2011,2011,4.198169516
LBR,LBR 2011,2011,0.203293358
LBY,LBY 2011,2011,6.779105676
LCA,LCA 2011,2011,3.427343076
LCN,LCN 2011,2011,2.787336939
LDC,LDC 2011,2011,0.254057632
LIC,LIC 2011,2011,0.335925942
LIE,LIE 2011,2011,4.97388729
LKA,LKA 2011,2011,0.755938089
LMC,LMC 2011,2011,1.484380004
LMY,LMY 2011,2011,3.218037557
LSO,LSO 2011,2011,0.279730297
LTE,LTE 2011,2011,6.229106836
LTU,LTU 2011,2011,3.913325743
LUX,LUX 2011,2011,21.02838372
LVA,LVA 2011,2011,3.835493313
MAC,MAC 2011,2011,
MAF,MAF 2011,2011,
MAR,MAR 2011,2011,1.700112763
MCO,MCO 2011,2011,
MDA,MDA 2011,2011,2.915371436
MDG,MDG 2011,2011,0.097994656
MDV,MDV 2011,2011,2.697361368
MEA,MEA 2011,2011,5.371775471
MEX,MEX 2011,2011,4.190959072
MHL,MHL 2011,2011,2.642955591
MIC,MIC 2011,2011,3.517901002
MKD,MKD 2011,2011,4.624639348
MLI,MLI 2011,2011,0.194516934
MLT,MLT 2011,2011,6.173907034
MMR,MMR 2011,2011,0.17451718
MNA,MNA 2011,2011,3.578487717
MNE,MNE 2011,2011,4.09625219
MNG,MNG 2011,2011,5.732636649
MNP,MNP 2011,2011,
MOZ,MOZ 2011,2011,0.140990764
MRT,MRT 2011,2011,0.698021064
MUS,MUS 2011,2011,2.906410475
MWI,MWI 2011,2011,0.06140197
MYS,MYS 2011,2011,6.946925766
NAC,NAC 2011,2011,16.54623156
NAM,NAM 2011,2011,1.561664614
NCL,NCL 2011,2011,
NER,NER 2011,2011,0.081582528
NGA,NGA 2011,2011,0.574143901
NIC,NIC 2011,2011,0.802685307
NLD,NLD 2011,2011,9.511130441
NOR,NOR 2011,2011,7.995012096
NPL,NPL 2011,2011,0.190710912
NRU,NRU 2011,2011,3.889915307
NZL,NZL 2011,2011,6.909215537
OED,OED 2011,2011,9.598293765
OMN,OMN 2011,2011,16.72035316
OSS,OSS 2011,2011,6.168150057
PAK,PAK 2011,2011,0.713484609
PAN,PAN 2011,2011,2.708290234
PER,PER 2011,2011,1.642935704
PHL,PHL 2011,2011,0.857710061
PLW,PLW 2011,2011,11.51315754
PNG,PNG 2011,2011,0.660976019
POL,POL 2011,2011,8.159838047
PRE,PRE 2011,2011,0.467601424
PRI,PRI 2011,2011,
PRK,PRK 2011,2011,1.496946188
PRT,PRT 2011,2011,4.723629222
PRY,PRY 2011,2011,0.893233107
PSE,PSE 2011,2011,
PSS,PSS 2011,2011,1.061322983
PST,PST 2011,2011,10.7807243
PYF,PYF 2011,2011,
QAT,QAT 2011,2011,37.79575353
ROU,ROU 2011,2011,4.172223886
RUS,RUS 2011,2011,11.88499702
RWA,RWA 2011,2011,0.064290856
SAS,SAS 2011,2011,1.177847715
SAU,SAU 2011,2011,15.38160708
SDN,SDN 2011,2011,0.462526844
SEN,SEN 2011,2011,0.587920994
SGP,SGP 2011,2011,8.636708162
SLB,SLB 2011,2011,0.632087268
SLE,SLE 2011,2011,0.11191121
SLV,SLV 2011,2011,1.104711531
SMR,SMR 2011,2011,
SOM,SOM 2011,2011,0.051568176
SRB,SRB 2011,2011,7.081738796
SSA,SSA 2011,2011,0.766571624
SSD,SSD 2011,2011,0.124962777
SSF,SSF 2011,2011,0.766950898
SST,SST 2011,2011,5.768447737
STP,STP 2011,2011,0.537507264
SUR,SUR 2011,2011,3.53167468
SVK,SVK 2011,2011,6.320409762
SVN,SVN 2011,2011,7.647930119
SWE,SWE 2011,2011,4.717853416
SWZ,SWZ 2011,2011,0.597084622
SXM,SXM 2011,2011,
SYC,SYC 2011,2011,4.688875887
SYR,SYR 2011,2011,2.504098665
TCA,TCA 2011,2011,
TCD,TCD 2011,2011,0.08930217
TEA,TEA 2011,2011,5.345001486
TEC,TEC 2011,2011,7.69890608
TGO,TGO 2011,2011,0.373406795
THA,THA 2011,2011,3.399655519
TJK,TJK 2011,2011,0.328845146
TKM,TKM 2011,2011,12.20897304
TLA,TLA 2011,2011,2.767778415
TLS,TLS 2011,2011,0.224622993
TMN,TMN 2011,2011,3.579693261
TON,TON 2011,2011,1.022200327
TSA,TSA 2011,2011,1.177847715
TSS,TSS 2011,2011,0.766950898
TTO,TTO 2011,2011,15.67583571
TUN,TUN 2011,2011,2.387485457
TUR,TUR 2011,2011,4.283450085
TUV,TUV 2011,2011,0.934579418
TZA,TZA 2011,2011,0.17644765
UGA,UGA 2011,2011,0.112326689
UKR,UKR 2011,2011,6.199174358
UMC,UMC 2011,2011,6.083554624
URY,URY 2011,2011,2.263778074
USA,USA 2011,2011,16.60421817
UZB,UZB 2011,2011,4.384207069
VCT,VCT 2011,2011,2.483832192
VEN,VEN 2011,2011,5.500382139
VGB,VGB 2011,2011,
VIR,VIR 2011,2011,
VNM,VNM 2011,2011,1.765382683
VUT,VUT 2011,2011,0.517322321
WLD,WLD 2011,2011,4.539725931
WSM,WSM 2011,2011,1.018584081
XKX,XKX 2011,2011,
YEM,YEM 2011,2011,0.900861678
ZAF,ZAF 2011,2011,7.803853203
ZMB,ZMB 2011,2011,0.213797821
ZWE,ZWE 2011,2011,0.875954873
ABW,ABW 2012,2012,
AFE,AFE 2012,2012,0.983547239
AFG,AFG 2012,2012,0.265209509
AFW,AFW 2012,2012,0.472242412
AGO,AGO 2012,2012,0.947662543
ALB,ALB 2012,2012,1.50324046
AND,AND 2012,2012,6.900145178
ARB,ARB 2012,2012,4.426554863
ARE,ARE 2012,2012,20.26435367
ARG,ARG 2012,2012,4.264223782
ARM,ARM 2012,2012,1.962653917
ASM,ASM 2012,2012,
ATG,ATG 2012,2012,7.984122865
AUS,AUS 2012,2012,17.02204223
AUT,AUT 2012,2012,7.723614487
AZE,AZE 2012,2012,3.239102868
BDI,BDI 2012,2012,0.037772528
BEL,BEL 2012,2012,8.577525877
BEN,BEN 2012,2012,0.443375821
BFA,BFA 2012,2012,0.171791872
BGD,BGD 2012,2012,0.38128578
BGR,BGR 2012,2012,6.16215311
BHR,BHR 2012,2012,22.18069641
BHS,BHS 2012,2012,9.291709838
BIH,BIH 2012,2012,5.976527998
BLR,BLR 2012,2012,6.344981391
BLZ,BLZ 2012,2012,1.987782604
BMU,BMU 2012,2012,
BOL,BOL 2012,2012,1.648107801
BRA,BRA 2012,2012,2.271403237
BRB,BRB 2012,2012,7.67568035
BRN,BRN 2012,2012,17.95226221
BTN,BTN 2012,2012,0.887477533
BWA,BWA 2012,2012,1.567509836
CAF,CAF 2012,2012,0.041899682
CAN,CAN 2012,2012,15.73447396
CEB,CEB 2012,2012,6.5520558
CHE,CHE 2012,2012,5.317086349
CHI,CHI 2012,2012,
CHL,CHL 2012,2012,4.521453066
CHN,CHN 2012,2012,7.046182675
CIV,CIV 2012,2012,0.365276687
CMR,CMR 2012,2012,0.327109945
COD,COD 2012,2012,0.03986035
COG,COG 2012,2012,1.116001149
COL,COL 2012,2012,1.522418464
COM,COM 2012,2012,0.233729158
CPV,CPV 2012,2012,0.992762148
CRI,CRI 2012,2012,1.572860452
CSS,CSS 2012,2012,5.934549887
CUB,CUB 2012,2012,2.536852493
CUW,CUW 2012,2012,
CYM,CYM 2012,2012,
CYP,CYP 2012,2012,6.138915802
CZE,CZE 2012,2012,10.09153928
DEU,DEU 2012,2012,9.451317705
DJI,DJI 2012,2012,0.523945899
DMA,DMA 2012,2012,3.629079085
DNK,DNK 2012,2012,6.835287325
DOM,DOM 2012,2012,2.161325425
DZA,DZA 2012,2012,3.621254802
EAP,EAP 2012,2012,5.399352585
EAR,EAR 2012,2012,2.1064244
EAS,EAS 2012,2012,6.097872323
ECA,ECA 2012,2012,7.738127804
ECS,ECS 2012,2012,7.304088401
ECU,ECU 2012,2012,2.395393982
EGY,EGY 2012,2012,2.356412911
EMU,EMU 2012,2012,7.084353003
ERI,ERI 2012,2012,0.190616973
ESP,ESP 2012,2012,5.756946794
EST,EST 2012,2012,12.7693736
ETH,ETH 2012,2012,0.089781732
EUU,EUU 2012,2012,6.930204539
FCS,FCS 2012,2012,0.85283153
FIN,FIN 2012,2012,9.126387978
FJI,FJI 2012,2012,1.130552436
FRA,FRA 2012,2012,5.153951699
FRO,FRO 2012,2012,
FSM,FSM 2012,2012,1.201123468
GAB,GAB 2012,2012,3.048938128
GBR,GBR 2012,2012,7.343460282
GEO,GEO 2012,2012,1.928196034
GHA,GHA 2012,2012,0.543956555
GIB,GIB 2012,2012,
GIN,GIN 2012,2012,0.229870314
GMB,GMB 2012,2012,0.223191113
GNB,GNB 2012,2012,0.151266067
GNQ,GNQ 2012,2012,8.226963408
GRC,GRC 2012,2012,7.251237354
GRD,GRD 2012,2012,3.537166095
GRL,GRL 2012,2012,
GTM,GTM 2012,2012,0.821948809
GUM,GUM 2012,2012,
GUY,GUY 2012,2012,2.688294895
HIC,HIC 2012,2012,10.7198981
HKG,HKG 2012,2012,
HND,HND 2012,2012,1.05091152
HPC,HPC 2012,2012,0.24764769
HRV,HRV 2012,2012,4.079616457
HTI,HTI 2012,2012,0.239401567
HUN,HUN 2012,2012,4.377864468
IBD,IBD 2012,2012,4.24389886
IBT,IBT 2012,2012,3.330223895
IDA,IDA 2012,2012,0.484665171
IDB,IDB 2012,2012,0.80083727
IDN,IDN 2012,2012,1.924325888
IDX,IDX 2012,2012,0.321488464
IMN,IMN 2012,2012,
IND,IND 2012,2012,1.498202508
INX,INX 2012,2012,
IRL,IRL 2012,2012,8.072558903
IRN,IRN 2012,2012,7.230830454
IRQ,IRQ 2012,2012,3.809304785
ISL,ISL 2012,2012,5.799523611
ISR,ISR 2012,2012,9.615068271
ITA,ITA 2012,2012,6.327708948
JAM,JAM 2012,2012,2.521906358
JOR,JOR 2012,2012,3.344489605
JPN,JPN 2012,2012,9.822297325
KAZ,KAZ 2012,2012,14.56638251
KEN,KEN 2012,2012,0.27786794
KGZ,KGZ 2012,2012,1.794121918
KHM,KHM 2012,2012,0.383454258
KIR,KIR 2012,2012,0.537547695
KNA,KNA 2012,2012,7.123850306
KOR,KOR 2012,2012,11.9586009
KWT,KWT 2012,2012,25.13062344
LAC,LAC 2012,2012,2.589701108
LAO,LAO 2012,2012,0.502396521
LBN,LBN 2012,2012,4.532342973
LBR,LBR 2012,2012,0.219311406
LBY,LBY 2012,2012,9.817934821
LCA,LCA 2012,2012,4.332154987
LCN,LCN 2012,2012,2.882126911
LDC,LDC 2012,2012,0.260725643
LIC,LIC 2012,2012,0.314604209
LIE,LIE 2012,2012,5.204766405
LKA,LKA 2012,2012,0.824969419
LMC,LMC 2012,2012,1.528488805
LMY,LMY 2012,2012,3.268276997
LSO,LSO 2012,2012,0.301744573
LTE,LTE 2012,2012,6.328913801
LTU,LTU 2012,2012,3.992940664
LUX,LUX 2012,2012,20.13387346
LVA,LVA 2012,2012,3.721147063
MAC,MAC 2012,2012,
MAF,MAF 2012,2012,
MAR,MAR 2012,2012,1.741416033
MCO,MCO 2012,2012,
MDA,MDA 2012,2012,2.845831571
MDG,MDG 2012,2012,0.119305555
MDV,MDV 2012,2012,2.941639385
MEA,MEA 2012,2012,5.562023471
MEX,MEX 2012,2012,4.202377368
MHL,MHL 2012,2012,2.68183822
MIC,MIC 2012,2012,3.580251403
MKD,MKD 2012,2012,4.390978645
MLI,MLI 2012,2012,0.188317217
MLT,MLT 2012,2012,6.475758827
MMR,MMR 2012,2012,0.238160739
MNA,MNA 2012,2012,3.682368776
MNE,MNE 2012,2012,3.754425023
MNG,MNG 2012,2012,6.138200988
MNP,MNP 2012,2012,
MOZ,MOZ 2012,2012,0.150280077
MRT,MRT 2012,2012,0.750801754
MUS,MUS 2012,2012,2.970024269
MWI,MWI 2012,2012,0.060970713
MYS,MYS 2012,2012,6.938925371
NAC,NAC 2012,2012,15.7865727
NAM,NAM 2012,2012,1.628626911
NCL,NCL 2012,2012,
NER,NER 2012,2012,0.105266634
NGA,NGA 2012,2012,0.560573123
NIC,NIC 2012,2012,0.777699501
NLD,NLD 2012,2012,9.398409929
NOR,NOR 2012,2012,7.66951117
NPL,NPL 2012,2012,0.219533393
NRU,NRU 2012,2012,3.829950125
NZL,NZL 2012,2012,7.284317645
OED,OED 2012,2012,9.403927744
OMN,OMN 2012,2012,17.12590759
OSS,OSS 2012,2012,6.262000918
PAK,PAK 2012,2012,0.711205881
PAN,PAN 2012,2012,2.785721563
PER,PER 2012,2012,1.617501302
PHL,PHL 2012,2012,0.879097862
PLW,PLW 2012,2012,12.25899915
PNG,PNG 2012,2012,0.609228487
POL,POL 2012,2012,7.969647665
PRE,PRE 2012,2012,0.480974822
PRI,PRI 2012,2012,
PRK,PRK 2012,2012,1.546140917
PRT,PRT 2012,2012,4.585897919
PRY,PRY 2012,2012,0.874509241
PSE,PSE 2012,2012,
PSS,PSS 2012,2012,1.02419913
PST,PST 2012,2012,10.54394015
PYF,PYF 2012,2012,
QAT,QAT 2012,2012,39.3984246
ROU,ROU 2012,2012,4.080658872
RUS,RUS 2012,2012,11.70209407
RWA,RWA 2012,2012,0.06918606
SAS,SAS 2012,2012,1.25515581
SAU,SAU 2012,2012,15.9781099
SDN,SDN 2012,2012,0.449376953
SEN,SEN 2012,2012,0.563036112
SGP,SGP 2012,2012,8.22409727
SLB,SLB 2012,2012,0.61645439
SLE,SLE 2012,2012,0.126683213
SLV,SLV 2012,2012,1.098796044
SMR,SMR 2012,2012,
SOM,SOM 2012,2012,0.050641759
SRB,SRB 2012,2012,6.360537735
SSA,SSA 2012,2012,0.775848783
SSD,SSD 2012,2012,0.132690385
SSF,SSF 2012,2012,0.776237763
SST,SST 2012,2012,5.867575049
STP,STP 2012,2012,0.631831666
SUR,SUR 2012,2012,4.371890282
SVK,SVK 2012,2012,5.982344127
SVN,SVN 2012,2012,7.349942268
SWE,SWE 2012,2012,4.426761612
SWZ,SWZ 2012,2012,0.611816706
SXM,SXM 2012,2012,
SYC,SYC 2012,2012,4.86959681
SYR,SYR 2012,2012,2.080460002
TCA,TCA 2012,2012,
TCD,TCD 2012,2012,0.145826242
TEA,TEA 2012,2012,5.44792647
TEC,TEC 2012,2012,7.557392167
TGO,TGO 2012,2012,0.323389353
THA,THA 2012,2012,3.624794443
TJK,TJK 2012,2012,0.379569505
TKM,TKM 2012,2012,12.64224627
TLA,TLA 2012,2012,2.859227586
TLS,TLS 2012,2012,0.263695474
TMN,TMN 2012,2012,3.683872729
TON,TON 2012,2012,1.023236771
TSA,TSA 2012,2012,1.25515581
TSS,TSS 2012,2012,0.776237763
TTO,TTO 2012,2012,15.04498496
TUN,TUN 2012,2012,2.486938287
TUR,TUR 2012,2012,4.368905335
TUV,TUV 2012,2012,0.921319309
TZA,TZA 2012,2012,0.206545256
UGA,UGA 2012,2012,0.110289949
UKR,UKR 2012,2012,6.077860784
UMC,UMC 2012,2012,6.187733443
URY,URY 2012,2012,2.52734035
USA,USA 2012,2012,15.78978264
UZB,UZB 2012,2012,3.799895864
VCT,VCT 2012,2012,3.330773705
VEN,VEN 2012,2012,6.146161745
VGB,VGB 2012,2012,
VIR,VIR 2012,2012,
VNM,VNM 2012,2012,1.741519541
VUT,VUT 2012,2012,0.466358083
WLD,WLD 2012,2012,4.545692603
WSM,WSM 2012,2012,1.009468833
XKX,XKX 2012,2012,
YEM,YEM 2012,2012,0.801193111
ZAF,ZAF 2012,2012,8.030477632
ZMB,ZMB 2012,2012,0.273319341
ZWE,ZWE 2012,2012,0.90536755
ABW,ABW 2013,2013,
AFE,AFE 2013,2013,0.995664911
AFG,AFG 2013,2013,0.189910278
AFW,AFW 2013,2013,0.49921933
AGO,AGO 2013,2013,1.031093319
ALB,ALB 2013,2013,1.533630039
AND,AND 2013,2013,6.725797487
ARB,ARB 2013,2013,4.404144395
ARE,ARE 2013,2013,21.07783662
ARG,ARG 2013,2013,4.342115069
ARM,ARM 2013,2013,1.89564639
ASM,ASM 2013,2013,
ATG,ATG 2013,2013,5.310914481
AUS,AUS 2013,2013,16.44231571
AUT,AUT 2013,2013,7.753699576
AZE,AZE 2013,2013,3.285616903
BDI,BDI 2013,2013,0.038425245
BEL,BEL 2013,2013,8.655477512
BEN,BEN 2013,2013,0.453984131
BFA,BFA 2013,2013,0.177473787
BGD,BGD 2013,2013,0.393429486
BGR,BGR 2013,2013,5.458963808
BHR,BHR 2013,2013,22.86646412
BHS,BHS 2013,2013,7.286399437
BIH,BIH 2013,2013,6.039984526
BLR,BLR 2013,2013,6.352712195
BLZ,BLZ 2013,2013,1.334540246
BMU,BMU 2013,2013,
BOL,BOL 2013,2013,1.744335009
BRA,BRA 2013,2013,2.413423219
BRB,BRB 2013,2013,5.201090991
BRN,BRN 2013,2013,17.51266702
BTN,BTN 2013,2013,0.9192072
BWA,BWA 2013,2013,2.444438666
CAF,CAF 2013,2013,0.02498736
CAN,CAN 2013,2013,15.83846027
CEB,CEB 2013,2013,6.311025619
CHE,CHE 2013,2013,5.381151799
CHI,CHI 2013,2013,
CHL,CHL 2013,2013,4.74016879
CHN,CHN 2013,2013,7.324147115
CIV,CIV 2013,2013,0.386750453
CMR,CMR 2013,2013,0.349006266
COD,COD 2013,2013,0.053906873
COG,COG 2013,2013,1.103961695
COL,COL 2013,2013,1.662271659
COM,COM 2013,2013,0.27166414
CPV,CPV 2013,2013,0.944549377
CRI,CRI 2013,2013,1.623696834
CSS,CSS 2013,2013,5.678343308
CUB,CUB 2013,2013,2.549997738
CUW,CUW 2013,2013,
CYM,CYM 2013,2013,
CYP,CYP 2013,2013,5.510005269
CZE,CZE 2013,2013,9.620257259
DEU,DEU 2013,2013,9.62420735
DJI,DJI 2013,2013,0.576278131
DMA,DMA 2013,2013,2.470248068
DNK,DNK 2013,2013,7.116737849
DOM,DOM 2013,2013,2.096080931
DZA,DZA 2013,2013,3.658360898
EAP,EAP 2013,2013,5.576759489
EAR,EAR 2013,2013,2.100355483
EAS,EAS 2013,2013,6.258263184
ECA,ECA 2013,2013,7.553807171
ECS,ECS 2013,2013,7.120010097
ECU,ECU 2013,2013,2.524965244
EGY,EGY 2013,2013,2.290263794
EMU,EMU 2013,2013,6.915715129
ERI,ERI 2013,2013,0.194153135
ESP,ESP 2013,2013,5.208274629
EST,EST 2013,2013,14.65860673
ETH,ETH 2013,2013,0.103827221
EUU,EUU 2013,2013,6.739809643
FCS,FCS 2013,2013,0.855250994
FIN,FIN 2013,2013,9.22784648
FJI,FJI 2013,2013,1.23706419
FRA,FRA 2013,2013,5.129519032
FRO,FRO 2013,2013,
FSM,FSM 2013,2013,1.289027618
GAB,GAB 2013,2013,3.043802346
GBR,GBR 2013,2013,7.075818333
GEO,GEO 2013,2013,2.108848922
GHA,GHA 2013,2013,0.5678351
GIB,GIB 2013,2013,
GIN,GIN 2013,2013,0.197188175
GMB,GMB 2013,2013,0.207071588
GNB,GNB 2013,2013,0.147253458
GNQ,GNQ 2013,2013,7.379771472
GRC,GRC 2013,2013,6.609996229
GRD,GRD 2013,2013,2.736328982
GRL,GRL 2013,2013,
GTM,GTM 2013,2013,0.864132971
GUM,GUM 2013,2013,
GUY,GUY 2013,2013,2.649112974
HIC,HIC 2013,2013,10.73075879
HKG,HKG 2013,2013,
HND,HND 2013,2013,1.04568224
HPC,HPC 2013,2013,0.250211058
HRV,HRV 2013,2013,3.997002654
HTI,HTI 2013,2013,0.258254253
HUN,HUN 2013,2013,4.120050589
IBD,IBD 2013,2013,4.317701034
IBT,IBT 2013,2013,3.378628909
IDA,IDA 2013,2013,0.485480066
IDB,IDB 2013,2013,0.817228598
IDN,IDN 2013,2013,1.768585051
IDX,IDX 2013,2013,0.314371014
IMN,IMN 2013,2013,
IND,IND 2013,2013,1.527674907
INX,INX 2013,2013,
IRL,IRL 2013,2013,7.723057986
IRN,IRN 2013,2013,7.4395614
IRQ,IRQ 2013,2013,3.920319885
ISL,ISL 2013,2013,6.269999047
ISR,ISR 2013,2013,8.313170792
ITA,ITA 2013,2013,5.751905744
JAM,JAM 2013,2013,2.668465872
JOR,JOR 2013,2013,3.092992142
JPN,JPN 2013,2013,9.908431318
KAZ,KAZ 2013,2013,15.26278838
KEN,KEN 2013,2013,0.314785777
KGZ,KGZ 2013,2013,1.639974843
KHM,KHM 2013,2013,0.382674739
KIR,KIR 2013,2013,0.529516099
KNA,KNA 2013,2013,4.815039759
KOR,KOR 2013,2013,11.89000868
KWT,KWT 2013,2013,23.95710116
LAC,LAC 2013,2013,2.635431762
LAO,LAO 2013,2013,0.630232154
LBN,LBN 2013,2013,4.092377097
LBR,LBR 2013,2013,0.207800988
LBY,LBY 2013,2013,9.792453881
LCA,LCA 2013,2013,2.931405065
LCN,LCN 2013,2013,2.921039843
LDC,LDC 2013,2013,0.274744424
LIC,LIC 2013,2013,0.273388807
LIE,LIE 2013,2013,5.16220175
LKA,LKA 2013,2013,0.703424802
LMC,LMC 2013,2013,1.536940164
LMY,LMY 2013,2013,3.3186467
LSO,LSO 2013,2013,0.294126305
LTE,LTE 2013,2013,6.500768783
LTU,LTU 2013,2013,3.830693465
LUX,LUX 2013,2013,18.68006408
LVA,LVA 2013,2013,3.701592882
MAC,MAC 2013,2013,
MAF,MAF 2013,2013,
MAR,MAR 2013,2013,1.703668382
MCO,MCO 2013,2013,
MDA,MDA 2013,2013,2.510877495
MDG,MDG 2013,2013,0.124215321
MDV,MDV 2013,2013,2.819867829
MEA,MEA 2013,2013,5.556453013
MEX,MEX 2013,2013,4.056076458
MHL,MHL 2013,2013,2.726281364
MIC,MIC 2013,2013,3.644545209
MKD,MKD 2013,2013,3.943737473
MLI,MLI 2013,2013,0.189366842
MLT,MLT 2013,2013,5.563811012
MMR,MMR 2013,2013,0.268518218
MNA,MNA 2013,2013,3.68911395
MNE,MNE 2013,2013,3.654176435
MNG,MNG 2013,2013,6.460109232
MNP,MNP 2013,2013,
MOZ,MOZ 2013,2013,0.166325224
MRT,MRT 2013,2013,0.691965879
MUS,MUS 2013,2013,3.034990528
MWI,MWI 2013,2013,0.061155306
MYS,MYS 2013,2013,7.421982283
NAC,NAC 2013,2013,16.08629033
NAM,NAM 2013,2013,1.719202889
NCL,NCL 2013,2013,
NER,NER 2013,2013,0.105611913
NGA,NGA 2013,2013,0.618854213
NIC,NIC 2013,2013,0.730466243
NLD,NLD 2013,2013,9.348128895
NOR,NOR 2013,2013,7.776167641
NPL,NPL 2013,2013,0.222412502
NRU,NRU 2013,2013,4.675519052
NZL,NZL 2013,2013,7.179036805
OED,OED 2013,2013,9.386438272
OMN,OMN 2013,2013,16.50911219
OSS,OSS 2013,2013,6.354197406
PAK,PAK 2013,2013,0.711316508
PAN,PAN 2013,2013,2.682153552
PER,PER 2013,2013,1.65619083
PHL,PHL 2013,2013,0.957872593
PLW,PLW 2013,2013,12.35607969
PNG,PNG 2013,2013,0.635488335
POL,POL 2013,2013,7.841704806
PRE,PRE 2013,2013,0.503783314
PRI,PRI 2013,2013,
PRK,PRK 2013,2013,1.105119558
PRT,PRT 2013,2013,4.452394369
PRY,PRY 2013,2013,0.882502048
PSE,PSE 2013,2013,
PSS,PSS 2013,2013,1.080254494
PST,PST 2013,2013,10.55803794
PYF,PYF 2013,2013,
QAT,QAT 2013,2013,37.42076185
ROU,ROU 2013,2013,3.607441144
RUS,RUS 2013,2013,11.37700677
RWA,RWA 2013,2013,0.072964099
SAS,SAS 2013,2013,1.275144523
SAU,SAU 2013,2013,15.98380127
SDN,SDN 2013,2013,0.422886984
SEN,SEN 2013,2013,0.589162689
SGP,SGP 2013,2013,8.132743535
SLB,SLB 2013,2013,0.669683078
SLE,SLE 2013,2013,0.149321036
SLV,SLV 2013,2013,1.044354012
SMR,SMR 2013,2013,
SOM,SOM 2013,2013,0.050573875
SRB,SRB 2013,2013,6.486480319
SSA,SSA 2013,2013,0.794036509
SSD,SSD 2013,2013,0.130559697
SSF,SSF 2013,2013,0.794401474
SST,SST 2013,2013,5.894526152
STP,STP 2013,2013,0.619332449
SUR,SUR 2013,2013,4.060665208
SVK,SVK 2013,2013,6.081213422
SVN,SVN 2013,2013,7.063268041
SWE,SWE 2013,2013,4.222750051
SWZ,SWZ 2013,2013,0.67064943
SXM,SXM 2013,2013,
SYC,SYC 2013,2013,4.669312465
SYR,SYR 2013,2013,1.428184611
TCA,TCA 2013,2013,
TCD,TCD 2013,2013,0.165698633
TEA,TEA 2013,2013,5.632907529
TEC,TEC 2013,2013,7.367613736
TGO,TGO 2013,2013,0.246262821
THA,THA 2013,2013,3.746841769
TJK,TJK 2013,2013,0.393284187
TKM,TKM 2013,2013,12.62928083
TLA,TLA 2013,2013,2.90040149
TLS,TLS 2013,2013,0.396020859
TMN,TMN 2013,2013,3.690802671
TON,TON 2013,2013,1.120563245
TSA,TSA 2013,2013,1.275144523
TSS,TSS 2013,2013,0.794401474
TTO,TTO 2013,2013,15.41580622
TUN,TUN 2013,2013,2.464539863
TUR,TUR 2013,2013,4.154950994
TUV,TUV 2013,2013,0.915918646
TZA,TZA 2013,2013,0.21947616
UGA,UGA 2013,2013,0.104610904
UKR,UKR 2013,2013,5.941351514
UMC,UMC 2013,2013,6.341045917
URY,URY 2013,2013,2.1767549
USA,USA 2013,2013,16.11118443
UZB,UZB 2013,2013,3.698682699
VCT,VCT 2013,2013,2.140530518
VEN,VEN 2013,2013,6.046982562
VGB,VGB 2013,2013,
VIR,VIR 2013,2013,
VNM,VNM 2013,2013,1.820140893
VUT,VUT 2013,2013,0.417403445
WLD,WLD 2013,2013,4.581344238
WSM,WSM 2013,2013,1.000305108
XKX,XKX 2013,2013,
YEM,YEM 2013,2013,1.031351833
ZAF,ZAF 2013,2013,8.110092581
ZMB,ZMB 2013,2013,0.278306954
ZWE,ZWE 2013,2013,0.905910545
ABW,ABW 2014,2014,
AFE,AFE 2014,2014,1.00693765
AFG,AFG 2014,2014,0.149161535
AFW,AFW 2014,2014,0.506917708
AGO,AGO 2014,2014,1.092215832
ALB,ALB 2014,2014,1.668337371
AND,AND 2014,2014,6.42269737
ARB,ARB 2014,2014,4.452992882
ARE,ARE 2014,2014,20.91002932
ARG,ARG 2014,2014,4.209095633
ARM,ARM 2014,2014,1.896239708
ASM,ASM 2014,2014,
ATG,ATG 2014,2014,5.378994904
AUS,AUS 2014,2014,15.83042152
AUT,AUT 2014,2014,7.260404228
AZE,AZE 2014,2014,3.38119922
BDI,BDI 2014,2014,0.036208018
BEL,BEL 2014,2014,8.041711215
BEN,BEN 2014,2014,0.488937949
BFA,BFA 2014,2014,0.175015284
BGD,BGD 2014,2014,0.409268211
BGR,BGR 2014,2014,5.820924714
BHR,BHR 2014,2014,23.0945126
BHS,BHS 2014,2014,6.475968198
BIH,BIH 2014,2014,5.45775095
BLR,BLR 2014,2014,6.29728587
BLZ,BLZ 2014,2014,1.362339788
BMU,BMU 2014,2014,
BOL,BOL 2014,2014,1.869563447
BRA,BRA 2014,2014,2.514601766
BRB,BRB 2014,2014,4.576691956
BRN,BRN 2014,2014,16.99243482
BTN,BTN 2014,2014,0.950625835
BWA,BWA 2014,2014,3.092405764
CAF,CAF 2014,2014,0.027090477
CAN,CAN 2014,2014,15.84990541
CEB,CEB 2014,2014,6.119356491
CHE,CHE 2014,2014,4.859165525
CHI,CHI 2014,2014,
CHL,CHL 2014,2014,4.32857636
CHN,CHN 2014,2014,7.294235506
CIV,CIV 2014,2014,0.400077311
CMR,CMR 2014,2014,0.369962042
COD,COD 2014,2014,0.067599923
COG,COG 2014,2014,1.049574509
COL,COL 2014,2014,1.696732655
COM,COM 2014,2014,0.237891334
CPV,CPV 2014,2014,0.915623466
CRI,CRI 2014,2014,1.616336585
CSS,CSS 2014,2014,5.584146366
CUB,CUB 2014,2014,2.355271735
CUW,CUW 2014,2014,
CYM,CYM 2014,2014,
CYP,CYP 2014,2014,5.785920877
CZE,CZE 2014,2014,9.264302843
DEU,DEU 2014,2014,9.088506897
DJI,DJI 2014,2014,0.404413369
DMA,DMA 2014,2014,2.594744305
DNK,DNK 2014,2014,6.347153074
DOM,DOM 2014,2014,2.086146747
DZA,DZA 2014,2014,3.811645127
EAP,EAP 2014,2014,5.581081303
EAR,EAR 2014,2014,2.176198768
EAS,EAS 2014,2014,6.227108696
ECA,ECA 2014,2014,7.26427743
ECS,ECS 2014,2014,6.771869037
ECU,ECU 2014,2014,2.619376799
EGY,EGY 2014,2014,2.292234208
EMU,EMU 2014,2014,6.52364924
ERI,ERI 2014,2014,0.195581358
ESP,ESP 2014,2014,5.184067004
EST,EST 2014,2014,13.64730803
ETH,ETH 2014,2014,0.123713286
EUU,EUU 2014,2014,6.394863057
FCS,FCS 2014,2014,0.844950267
FIN,FIN 2014,2014,8.451871908
FJI,FJI 2014,2014,1.408973701
FRA,FRA 2014,2014,4.616052854
FRO,FRO 2014,2014,
FSM,FSM 2014,2014,1.284120933
GAB,GAB 2014,2014,3.030218312
GBR,GBR 2014,2014,6.43320778
GEO,GEO 2014,2014,2.277240519
GHA,GHA 2014,2014,0.535175506
GIB,GIB 2014,2014,
GIN,GIN 2014,2014,0.197646507
GMB,GMB 2014,2014,0.237549323
GNB,GNB 2014,2014,0.154877885
GNQ,GNQ 2014,2014,6.107244959
GRC,GRC 2014,2014,6.385178661
GRD,GRD 2014,2014,2.119146916
GRL,GRL 2014,2014,
GTM,GTM 2014,2014,0.911388463
GUM,GUM 2014,2014,
GUY,GUY 2014,2014,2.742589274
HIC,HIC 2014,2014,10.50182189
HKG,HKG 2014,2014,
HND,HND 2014,2014,1.036389093
HPC,HPC 2014,2014,0.257183095
HRV,HRV 2014,2014,3.831644469
HTI,HTI 2014,2014,0.290029328
HUN,HUN 2014,2014,4.11798843
IBD,IBD 2014,2014,4.321342065
IBT,IBT 2014,2014,3.375261779
IDA,IDA 2014,2014,0.491317389
IDB,IDB 2014,2014,0.820332638
IDN,IDN 2014,2014,1.888578445
IDX,IDX 2014,2014,0.321858133
IMN,IMN 2014,2014,
IND,IND 2014,2014,1.642467654
INX,INX 2014,2014,
IRL,IRL 2014,2014,7.628162753
IRN,IRN 2014,2014,7.570501722
IRQ,IRQ 2014,2014,3.647695347
ISL,ISL 2014,2014,6.261721492
ISR,ISR 2014,2014,7.877600353
ITA,ITA 2014,2014,5.38747546
JAM,JAM 2014,2014,2.58211134
JOR,JOR 2014,2014,2.951019001
JPN,JPN 2014,2014,9.562839774
KAZ,KAZ 2014,2014,12.10241477
KEN,KEN 2014,2014,0.33055605
KGZ,KGZ 2014,2014,1.663953395
KHM,KHM 2014,2014,0.456911671
KIR,KIR 2014,2014,0.521807181
KNA,KNA 2014,2014,4.812823122
KOR,KOR 2014,2014,11.58874374
KWT,KWT 2014,2014,22.74839528
LAC,LAC 2014,2014,2.639373335
LAO,LAO 2014,2014,0.648588506
LBN,LBN 2014,2014,4.008388389
LBR,LBR 2014,2014,0.269947464
LBY,LBY 2014,2014,9.511683299
LCA,LCA 2014,2014,2.91755332
LCN,LCN 2014,2014,2.905392638
LDC,LDC 2014,2014,0.288186537
LIC,LIC 2014,2014,0.274776893
LIE,LIE 2014,2014,4.313133395
LKA,LKA 2014,2014,0.847049783
LMC,LMC 2014,2014,1.602155534
LMY,LMY 2014,2014,3.320061875
LSO,LSO 2014,2014,0.291135828
LTE,LTE 2014,2014,6.452283394
LTU,LTU 2014,2014,3.703492659
LUX,LUX 2014,2014,17.34616222
LVA,LVA 2014,2014,3.651352159
MAC,MAC 2014,2014,
MAF,MAF 2014,2014,
MAR,MAR 2014,2014,1.713646499
MCO,MCO 2014,2014,
MDA,MDA 2014,2014,2.697865341
MDG,MDG 2014,2014,0.124298108
MDV,MDV 2014,2014,3.287437202
MEA,MEA 2014,2014,5.619084468
MEX,MEX 2014,2014,3.892354324
MHL,MHL 2014,2014,2.975069041
MIC,MIC 2014,2014,3.650144733
MKD,MKD 2014,2014,3.724356864
MLI,MLI 2014,2014,0.192572694
MLT,MLT 2014,2014,5.430805313
MMR,MMR 2014,2014,0.333643786
MNA,MNA 2014,2014,3.702736126
MNE,MNE 2014,2014,3.570222461
MNG,MNG 2014,2014,6.242199693
MNP,MNP 2014,2014,
MOZ,MOZ 2014,2014,0.186645239
MRT,MRT 2014,2014,0.754584647
MUS,MUS 2014,2014,3.132598572
MWI,MWI 2014,2014,0.051584038
MYS,MYS 2014,2014,7.732027867
NAC,NAC 2014,2014,16.0241509
NAM,NAM 2014,2014,1.761033565
NCL,NCL 2014,2014,
NER,NER 2014,2014,0.110984851
NGA,NGA 2014,2014,0.640152925
NIC,NIC 2014,2014,0.76666913
NLD,NLD 2014,2014,8.881703067
NOR,NOR 2014,2014,7.613049325
NPL,NPL 2014,2014,0.259630493
NRU,NRU 2014,2014,4.57038398
NZL,NZL 2014,2014,7.078489829
OED,OED 2014,2014,9.148267542
OMN,OMN 2014,2014,16.55913647
OSS,OSS 2014,2014,6.440696435
PAK,PAK 2014,2014,0.740642496
PAN,PAN 2014,2014,2.766925426
PER,PER 2014,2014,1.751666469
PHL,PHL 2014,2014,1.004883274
PLW,PLW 2014,2014,12.36232855
PNG,PNG 2014,2014,0.695875874
POL,POL 2014,2014,7.516889481
PRE,PRE 2014,2014,0.501195366
PRI,PRI 2014,2014,
PRK,PRK 2014,2014,1.242929106
PRT,PRT 2014,2014,4.415895252
PRY,PRY 2014,2014,0.924356922
PSE,PSE 2014,2014,
PSS,PSS 2014,2014,1.139147236
PST,PST 2014,2014,10.27708255
PYF,PYF 2014,2014,
QAT,QAT 2014,2014,36.87572559
ROU,ROU 2014,2014,3.593353578
RUS,RUS 2014,2014,11.20820257
RWA,RWA 2014,2014,0.07564795
SAS,SAS 2014,2014,1.366846885
SAU,SAU 2014,2014,16.82523051
SDN,SDN 2014,2014,0.435637492
SEN,SEN 2014,2014,0.613443862
SGP,SGP 2014,2014,8.117411688
SLB,SLB 2014,2014,0.569156733
SLE,SLE 2014,2014,0.161048904
SLV,SLV 2014,2014,1.061272656
SMR,SMR 2014,2014,
SOM,SOM 2014,2014,0.048838267
SRB,SRB 2014,2014,5.463794101
SSA,SSA 2014,2014,0.803849558
SSD,SSD 2014,2014,0.136445306
SSF,SSF 2014,2014,0.804253592
SST,SST 2014,2014,5.950082943
STP,STP 2014,2014,0.607604153
SUR,SUR 2014,2014,4.599056817
SVK,SVK 2014,2014,5.617636524
SVN,SVN 2014,2014,6.357966448
SWE,SWE 2014,2014,4.030482516
SWZ,SWZ 2014,2014,0.666154468
SXM,SXM 2014,2014,
SYC,SYC 2014,2014,5.14453966
SYR,SYR 2014,2014,1.325712089
TCA,TCA 2014,2014,
TCD,TCD 2014,2014,0.164998116
TEA,TEA 2014,2014,5.635383947
TEC,TEC 2014,2014,7.090333666
TGO,TGO 2014,2014,0.21815539
THA,THA 2014,2014,3.670619302
TJK,TJK 2014,2014,0.550061074
TKM,TKM 2014,2014,12.60782008
TLA,TLA 2014,2014,2.888557922
TLS,TLS 2014,2014,0.447321533
TMN,TMN 2014,2014,3.704563835
TON,TON 2014,2014,1.031643308
TSA,TSA 2014,2014,1.366846885
TSS,TSS 2014,2014,0.804253592
TTO,TTO 2014,2014,15.19307468
TUN,TUN 2014,2014,2.62053872
TUR,TUR 2014,2014,4.360913769
TUV,TUV 2014,2014,0.917515348
TZA,TZA 2014,2014,0.210766397
UGA,UGA 2014,2014,0.11310929
UKR,UKR 2014,2014,5.25113054
UMC,UMC 2014,2014,6.287775361
URY,URY 2014,2014,1.916464553
USA,USA 2014,2014,16.04092103
UZB,UZB 2014,2014,3.409552819
VCT,VCT 2014,2014,2.525441585
VEN,VEN 2014,2014,5.936424797
VGB,VGB 2014,2014,
VIR,VIR 2014,2014,
VNM,VNM 2014,2014,1.982451866
VUT,VUT 2014,2014,0.592752842
WLD,WLD 2014,2014,4.536889663
WSM,WSM 2014,2014,1.040856047
XKX,XKX 2014,2014,
YEM,YEM 2014,2014,0.988350803
ZAF,ZAF 2014,2014,8.184426594
ZMB,ZMB 2014,2014,0.298008752
ZWE,ZWE 2014,2014,0.871840016
ABW,ABW 2015,2015,
AFE,AFE 2015,2015,0.956703663
AFG,AFG 2015,2015,0.176278015
AFW,AFW 2015,2015,0.485477551
AGO,AGO 2015,2015,1.125224458
ALB,ALB 2015,2015,1.60377515
AND,AND 2015,2015,6.550887838
ARB,ARB 2015,2015,4.472560646
ARE,ARE 2015,2015,21.89550487
ARG,ARG 2015,2015,4.301913876
ARM,ARM 2015,2015,1.855071711
ASM,ASM 2015,2015,
ATG,ATG 2015,2015,5.448016028
AUS,AUS 2015,2015,15.863288
AUT,AUT 2015,2015,7.317158873
AZE,AZE 2015,2015,3.292452869
BDI,BDI 2015,2015,0.03728857
BEL,BEL 2015,2015,8.437851999
BEN,BEN 2015,2015,0.503988804
BFA,BFA 2015,2015,0.197670493
BGD,BGD 2015,2015,0.457390879
BGR,BGR 2015,2015,6.207865317
BHR,BHR 2015,2015,22.44993541
BHS,BHS 2015,2015,5.627748718
BIH,BIH 2015,2015,5.56702529
BLR,BLR 2015,2015,5.79426692
BLZ,BLZ 2015,2015,1.889566003
BMU,BMU 2015,2015,
BOL,BOL 2015,2015,1.871942391
BRA,BRA 2015,2015,2.365340621
BRB,BRB 2015,2015,4.566981732
BRN,BRN 2015,2015,15.18613718
BTN,BTN 2015,2015,1.035957105
BWA,BWA 2015,2015,3.01496063
CAF,CAF 2015,2015,0.039424542
CAN,CAN 2015,2015,15.64858561
CEB,CEB 2015,2015,6.235843223
CHE,CHE 2015,2015,4.719648777
CHI,CHI 2015,2015,
CHL,CHL 2015,2015,4.60153513
CHN,CHN 2015,2015,7.146449357
CIV,CIV 2015,2015,0.415735394
CMR,CMR 2015,2015,0.367623959
COD,COD 2015,2015,0.041064418
COG,COG 2015,2015,1.117608304
COL,COL 2015,2015,1.702683924
COM,COM 2015,2015,0.26019698
CPV,CPV 2015,2015,0.905524788
CRI,CRI 2015,2015,1.540271137
CSS,CSS 2015,2015,5.441130193
CUB,CUB 2015,2015,2.575861739
CUW,CUW 2015,2015,
CYM,CYM 2015,2015,
CYP,CYP 2015,2015,5.769489846
CZE,CZE 2015,2015,9.400668002
DEU,DEU 2015,2015,9.087290909
DJI,DJI 2015,2015,0.457138777
DMA,DMA 2015,2015,2.571171556
DNK,DNK 2015,2015,5.929462754
DOM,DOM 2015,2015,2.266997983
DZA,DZA 2015,2015,3.95188518
EAP,EAP 2015,2015,5.498354389
EAR,EAR 2015,2015,2.16491432
EAS,EAS 2015,2015,6.140153263
ECA,ECA 2015,2015,7.02726693
ECS,ECS 2015,2015,6.705429407
ECU,ECU 2015,2015,2.56361149
EGY,EGY 2015,2015,2.315505548
EMU,EMU 2015,2015,6.646929102
ERI,ERI 2015,2015,0.194610422
ESP,ESP 2015,2015,5.51794436
EST,EST 2015,2015,11.81383402
ETH,ETH 2015,2015,0.125790592
EUU,EUU 2015,2015,6.513484063
FCS,FCS 2015,2015,0.784072245
FIN,FIN 2015,2015,7.814537356
FJI,FJI 2015,2015,1.504579149
FRA,FRA 2015,2015,4.677807228
FRO,FRO 2015,2015,
FSM,FSM 2015,2015,1.370338619
GAB,GAB 2015,2015,3.016982301
GBR,GBR 2015,2015,6.159448333
GEO,GEO 2015,2015,2.469615623
GHA,GHA 2015,2015,0.546570367
GIB,GIB 2015,2015,
GIN,GIN 2015,2015,0.218475864
GMB,GMB 2015,2015,0.235228001
GNB,GNB 2015,2015,0.156519105
GNQ,GNQ 2015,2015,4.877603465
GRC,GRC 2015,2015,6.28506954
GRD,GRD 2015,2015,2.269289046
GRL,GRL 2015,2015,
GTM,GTM 2015,2015,1.049628082
GUM,GUM 2015,2015,
GUY,GUY 2015,2015,2.754853673
HIC,HIC 2015,2015,10.41209426
HKG,HKG 2015,2015,
HND,HND 2015,2015,1.068373228
HPC,HPC 2015,2015,0.266321288
HRV,HRV 2015,2015,3.948992432
HTI,HTI 2015,2015,0.310495591
HUN,HUN 2015,2015,4.407180501
IBD,IBD 2015,2015,4.24235913
IBT,IBT 2015,2015,3.307792028
IDA,IDA 2015,2015,0.49032028
IDB,IDB 2015,2015,0.806049777
IDN,IDN 2015,2015,1.885623811
IDX,IDX 2015,2015,0.32814001
IMN,IMN 2015,2015,
IND,IND 2015,2015,1.631321083
INX,INX 2015,2015,
IRL,IRL 2015,2015,7.881824817
IRN,IRN 2015,2015,7.325759038
IRQ,IRQ 2015,2015,3.526952108
ISL,ISL 2015,2015,6.227045154
ISR,ISR 2015,2015,7.892507176
ITA,ITA 2015,2015,5.563259469
JAM,JAM 2015,2015,2.537176489
JOR,JOR 2015,2015,2.665825118
JPN,JPN 2015,2015,9.276629423
KAZ,KAZ 2015,2015,10.87226272
KEN,KEN 2015,2015,0.367330896
KGZ,KGZ 2015,2015,1.724051177
KHM,KHM 2015,2015,0.546780459
KIR,KIR 2015,2015,0.514107968
KNA,KNA 2015,2015,5.021971011
KOR,KOR 2015,2015,11.91474367
KWT,KWT 2015,2015,22.77458422
LAC,LAC 2015,2015,2.613683933
LAO,LAO 2015,2015,1.308302923
LBN,LBN 2015,2015,4.221011641
LBR,LBR 2015,2015,0.273180857
LBY,LBY 2015,2015,8.289414376
LCA,LCA 2015,2015,2.84700751
LCN,LCN 2015,2015,2.858648099
LDC,LDC 2015,2015,0.295799618
LIC,LIC 2015,2015,0.242850039
LIE,LIE 2015,2015,4.283228388
LKA,LKA 2015,2015,0.970910854
LMC,LMC 2015,2015,1.597940899
LMY,LMY 2015,2015,3.252867547
LSO,LSO 2015,2015,0.306817811
LTE,LTE 2015,2015,6.355090365
LTU,LTU 2015,2015,3.810789214
LUX,LUX 2015,2015,16.02867977
LVA,LVA 2015,2015,3.701593036
MAC,MAC 2015,2015,
MAF,MAF 2015,2015,
MAR,MAR 2015,2015,1.741903173
MCO,MCO 2015,2015,
MDA,MDA 2015,2015,2.827948756
MDG,MDG 2015,2015,0.131987107
MDV,MDV 2015,2015,3.145217215
MEA,MEA 2015,2015,5.591071635
MEX,MEX 2015,2015,3.925346727
MHL,MHL 2015,2015,3.035822829
MIC,MIC 2015,2015,3.58358825
MKD,MKD 2015,2015,3.579319286
MLI,MLI 2015,2015,0.201513766
MLT,MLT 2015,2015,3.729892769
MMR,MMR 2015,2015,0.369824019
MNA,MNA 2015,2015,3.605572618
MNE,MNE 2015,2015,3.793242395
MNG,MNG 2015,2015,5.835232337
MNP,MNP 2015,2015,
MOZ,MOZ 2015,2015,0.205638319
MRT,MRT 2015,2015,0.902129112
MUS,MUS 2015,2015,3.136372847
MWI,MWI 2015,2015,0.054903075
MYS,MYS 2015,2015,7.613417385
NAC,NAC 2015,2015,15.57121575
NAM,NAM 2015,2015,1.839923095
NCL,NCL 2015,2015,
NER,NER 2015,2015,0.104828443
NGA,NGA 2015,2015,0.585665602
NIC,NIC 2015,2015,0.836694131
NLD,NLD 2015,2015,9.292250246
NOR,NOR 2015,2015,7.610906295
NPL,NPL 2015,2015,0.260409831
NRU,NRU 2015,2015,5.364327104
NZL,NZL 2015,2015,7.003080396
OED,OED 2015,2015,9.041195885
OMN,OMN 2015,2015,16.73037807
OSS,OSS 2015,2015,6.256087694
PAK,PAK 2015,2015,0.777980523
PAN,PAN 2015,2015,2.704001039
PER,PER 2015,2015,1.776186591
PHL,PHL 2015,2015,1.077438915
PLW,PLW 2015,2015,11.80173055
PNG,PNG 2015,2015,0.749812228
POL,POL 2015,2015,7.610089275
PRE,PRE 2015,2015,0.492059823
PRI,PRI 2015,2015,
PRK,PRK 2015,2015,0.993743981
PRT,PRT 2015,2015,4.812669696
PRY,PRY 2015,2015,1.031086345
PSE,PSE 2015,2015,
PSS,PSS 2015,2015,1.163926022
PST,PST 2015,2015,10.10358798
PYF,PYF 2015,2015,
QAT,QAT 2015,2015,35.11179773
ROU,ROU 2015,2015,3.700112058
RUS,RUS 2015,2015,11.05201007
RWA,RWA 2015,2015,0.084171044
SAS,SAS 2015,2015,1.368865188
SAU,SAU 2015,2015,17.2577901
SDN,SDN 2015,2015,0.490160379
SEN,SEN 2015,2015,0.647108027
SGP,SGP 2015,2015,8.207765834
SLB,SLB 2015,2015,0.505990276
SLE,SLE 2015,2015,0.124405778
SLV,SLV 2015,2015,1.123403283
SMR,SMR 2015,2015,
SOM,SOM 2015,2015,0.047224965
SRB,SRB 2015,2015,6.397117589
SSA,SSA 2015,2015,0.76534413
SSD,SSD 2015,2015,0.175982438
SSF,SSF 2015,2015,0.765778851
SST,SST 2015,2015,5.791357116
STP,STP 2015,2015,0.596646831
SUR,SUR 2015,2015,4.726530307
SVK,SVK 2015,2015,5.669455793
SVN,SVN 2015,2015,6.367726166
SWE,SWE 2015,2015,3.999311639
SWZ,SWZ 2015,2015,0.679050653
SXM,SXM 2015,2015,
SYC,SYC 2015,2015,5.459274778
SYR,SYR 2015,2015,1.315791005
TCA,TCA 2015,2015,
TCD,TCD 2015,2015,0.169020777
TEA,TEA 2015,2015,5.554605284
TEC,TEC 2015,2015,6.901387547
TGO,TGO 2015,2015,0.244874076
THA,THA 2015,2015,3.75563361
TJK,TJK 2015,2015,0.574843252
TKM,TKM 2015,2015,12.72884415
TLA,TLA 2015,2015,2.837153528
TLS,TLS 2015,2015,0.431244298
TMN,TMN 2015,2015,3.607483689
TON,TON 2015,2015,1.13077399
TSA,TSA 2015,2015,1.368865188
TSS,TSS 2015,2015,0.765778851
TTO,TTO 2015,2015,14.60781804
TUN,TUN 2015,2015,2.637184838
TUR,TUR 2015,2015,4.414398847
TUV,TUV 2015,2015,0.91937113
TZA,TZA 2015,2015,0.222485183
UGA,UGA 2015,2015,0.12594271
UKR,UKR 2015,2015,4.231515591
UMC,UMC 2015,2015,6.157972587
URY,URY 2015,2015,1.951323834
USA,USA 2015,2015,15.56003496
UZB,UZB 2015,2015,3.168481901
VCT,VCT 2015,2015,2.347814654
VEN,VEN 2015,2015,5.343318781
VGB,VGB 2015,2015,
VIR,VIR 2015,2015,
VNM,VNM 2015,2015,2.393390259
VUT,VUT 2015,2015,0.506442676
WLD,WLD 2015,2015,4.455899133
WSM,WSM 2015,2015,1.178949824
XKX,XKX 2015,2015,
YEM,YEM 2015,2015,0.475162759
ZAF,ZAF 2015,2015,7.602658848
ZMB,ZMB 2015,2015,0.305264022
ZWE,ZWE 2015,2015,0.878138865
ABW,ABW 2016,2016,
AFE,AFE 2016,2016,0.938564718
AFG,AFG 2016,2016,0.15301907
AFW,AFW 2016,2016,0.4908066
AGO,AGO 2016,2016,1.020760058
ALB,ALB 2016,2016,1.557664358
AND,AND 2016,2016,6.479183882
ARB,ARB 2016,2016,4.429537448
ARE,ARE 2016,2016,22.35647344
ARG,ARG 2016,2016,4.201845776
ARM,ARM 2016,2016,1.769117961
ASM,ASM 2016,2016,
ATG,ATG 2016,2016,5.520957555
AUS,AUS 2016,2016,15.91465712
AUT,AUT 2016,2016,7.288819983
AZE,AZE 2016,2016,3.304019557
BDI,BDI 2016,2016,0.040354655
BEL,BEL 2016,2016,8.314931808
BEN,BEN 2016,2016,0.598574502
BFA,BFA 2016,2016,0.191953539
BGD,BGD 2016,2016,0.465501758
BGR,BGR 2016,2016,5.834881981
BHR,BHR 2016,2016,21.49452899
BHS,BHS 2016,2016,5.151827287
BIH,BIH 2016,2016,6.417721919
BLR,BLR 2016,2016,5.822979457
BLZ,BLZ 2016,2016,1.769607872
BMU,BMU 2016,2016,
BOL,BOL 2016,2016,1.954183691
BRA,BRA 2016,2016,2.161272835
BRB,BRB 2016,2016,4.629479962
BRN,BRN 2016,2016,16.3617323
BTN,BTN 2016,2016,1.240395282
BWA,BWA 2016,2016,2.818379111
CAF,CAF 2016,2016,0.042820639
CAN,CAN 2016,2016,15.42060171
CEB,CEB 2016,2016,6.365207843
CHE,CHE 2016,2016,4.737656377
CHI,CHI 2016,2016,
CHL,CHL 2016,2016,4.782712706
CHN,CHN 2016,2016,7.115385005
CIV,CIV 2016,2016,0.39605806
CMR,CMR 2016,2016,0.382934447
COD,COD 2016,2016,0.029718421
COG,COG 2016,2016,1.060379145
COL,COL 2016,2016,1.736028187
COM,COM 2016,2016,0.29481448
CPV,CPV 2016,2016,0.984967625
CRI,CRI 2016,2016,1.63390596
CSS,CSS 2016,2016,5.128507176
CUB,CUB 2016,2016,2.395518544
CUW,CUW 2016,2016,
CYM,CYM 2016,2016,
CYP,CYP 2016,2016,6.027309716
CZE,CZE 2016,2016,9.627750042
DEU,DEU 2016,2016,9.073006686
DJI,DJI 2016,2016,0.410452452
DMA,DMA 2016,2016,2.56867652
DNK,DNK 2016,2016,6.166190299
DOM,DOM 2016,2016,2.335766826
DZA,DZA 2016,2016,3.84017304
EAP,EAP 2016,2016,5.475842666
EAR,EAR 2016,2016,2.168779107
EAS,EAS 2016,2016,6.116007858
ECA,ECA 2016,2016,7.062304613
ECS,ECS 2016,2016,6.700567216
ECU,ECU 2016,2016,2.421594059
EGY,EGY 2016,2016,2.31730464
EMU,EMU 2016,2016,6.622929391
ERI,ERI 2016,2016,0.196119982
ESP,ESP 2016,2016,5.314294581
EST,EST 2016,2016,12.15239497
ETH,ETH 2016,2016,0.142174388
EUU,EUU 2016,2016,6.520784391
FCS,FCS 2016,2016,0.775647934
FIN,FIN 2016,2016,8.316193077
FJI,FJI 2016,2016,1.655104507
FRA,FRA 2016,2016,4.70474678
FRO,FRO 2016,2016,
FSM,FSM 2016,2016,1.546509
GAB,GAB 2016,2016,3.077356731
GBR,GBR 2016,2016,5.804004752
GEO,GEO 2016,2016,2.588862958
GHA,GHA 2016,2016,0.543744838
GIB,GIB 2016,2016,
GIN,GIN 2016,2016,0.236359356
GMB,GMB 2016,2016,0.228723718
GNB,GNB 2016,2016,0.168978586
GNQ,GNQ 2016,2016,4.760791555
GRC,GRC 2016,2016,6.203617147
GRD,GRD 2016,2016,2.333994642
GRL,GRL 2016,2016,
GTM,GTM 2016,2016,1.105025419
GUM,GUM 2016,2016,
GUY,GUY 2016,2016,3.267082718
HIC,HIC 2016,2016,10.27383231
HKG,HKG 2016,2016,
HND,HND 2016,2016,1.000972673
HPC,HPC 2016,2016,0.273145169
HRV,HRV 2016,2016,4.043744105
HTI,HTI 2016,2016,0.313612773
HUN,HUN 2016,2016,4.50885432
IBD,IBD 2016,2016,4.216043538
IBT,IBT 2016,2016,3.285689421
IDA,IDA 2016,2016,0.514387116
IDB,IDB 2016,2016,0.843831596
IDN,IDN 2016,2016,1.842694957
IDX,IDX 2016,2016,0.345833088
IMN,IMN 2016,2016,
IND,IND 2016,2016,1.639915139
INX,INX 2016,2016,
IRL,IRL 2016,2016,8.163462657
IRN,IRN 2016,2016,7.288890815
IRQ,IRQ 2016,2016,3.675389044
ISL,ISL 2016,2016,4.859303764
ISR,ISR 2016,2016,7.603557613
ITA,ITA 2016,2016,5.498165145
JAM,JAM 2016,2016,2.700971805
JOR,JOR 2016,2016,2.490803465
JPN,JPN 2016,2016,9.189697811
KAZ,KAZ 2016,2016,11.36053552
KEN,KEN 2016,2016,0.39900057
KGZ,KGZ 2016,2016,1.595525916
KHM,KHM 2016,2016,0.708498844
KIR,KIR 2016,2016,0.590652505
KNA,KNA 2016,2016,5.022181188
KOR,KOR 2016,2016,12.02472517
KWT,KWT 2016,2016,22.61563259
LAC,LAC 2016,2016,2.529793769
LAO,LAO 2016,2016,2.278214021
LBN,LBN 2016,2016,4.443472189
LBR,LBR 2016,2016,0.299611327
LBY,LBY 2016,2016,8.110221452
LCA,LCA 2016,2016,2.890943357
LCN,LCN 2016,2016,2.760180669
LDC,LDC 2016,2016,0.311371476
LIC,LIC 2016,2016,0.253375637
LIE,LIE 2016,2016,3.988407189
LKA,LKA 2016,2016,1.034287615
LMC,LMC 2016,2016,1.612093291
LMY,LMY 2016,2016,3.231971428
LSO,LSO 2016,2016,0.321847572
LTE,LTE 2016,2016,6.317416879
LTU,LTU 2016,2016,3.904845812
LUX,LUX 2016,2016,15.20582045
LVA,LVA 2016,2016,3.648821173
MAC,MAC 2016,2016,
MAF,MAF 2016,2016,
MAR,MAR 2016,2016,1.718162933
MCO,MCO 2016,2016,
MDA,MDA 2016,2016,2.903838826
MDG,MDG 2016,2016,0.124696393
MDV,MDV 2016,2016,3.874501357
MEA,MEA 2016,2016,5.541774219
MEX,MEX 2016,2016,3.894939366
MHL,MHL 2016,2016,3.724471997
MIC,MIC 2016,2016,3.564197712
MKD,MKD 2016,2016,3.522333131
MLI,MLI 2016,2016,0.249731209
MLT,MLT 2016,2016,2.964713376
MMR,MMR 2016,2016,0.421256718
MNA,MNA 2016,2016,3.588004412
MNE,MNE 2016,2016,3.454908775
MNG,MNG 2016,2016,5.997580528
MNP,MNP 2016,2016,
MOZ,MOZ 2016,2016,0.26284917
MRT,MRT 2016,2016,0.804562807
MUS,MUS 2016,2016,3.197535651
MWI,MWI 2016,2016,0.064347018
MYS,MYS 2016,2016,7.484516849
NAC,NAC 2016,2016,15.1794041
NAM,NAM 2016,2016,1.777604132
NCL,NCL 2016,2016,
NER,NER 2016,2016,0.100852013
NGA,NGA 2016,2016,0.587437349
NIC,NIC 2016,2016,0.842041358
NLD,NLD 2016,2016,9.309281866
NOR,NOR 2016,2016,7.404691495
NPL,NPL 2016,2016,0.373638073
NRU,NRU 2016,2016,5.246130861
NZL,NZL 2016,2016,6.616321362
OED,OED 2016,2016,8.92828892
OMN,OMN 2016,2016,16.40037499
OSS,OSS 2016,2016,6.222126243
PAK,PAK 2016,2016,0.848191717
PAN,PAN 2016,2016,2.674888648
PER,PER 2016,2016,1.826370868
PHL,PHL 2016,2016,1.162905266
PLW,PLW 2016,2016,14.03233049
PNG,PNG 2016,2016,0.860754509
POL,POL 2016,2016,7.895688724
PRE,PRE 2016,2016,0.499834555
PRI,PRI 2016,2016,
PRK,PRK 2016,2016,1.181585649
PRT,PRT 2016,2016,4.722311267
PRY,PRY 2016,2016,1.1457541
PSE,PSE 2016,2016,
PSS,PSS 2016,2016,1.322313254
PST,PST 2016,2016,9.960827181
PYF,PYF 2016,2016,
QAT,QAT 2016,2016,33.49303982
ROU,ROU 2016,2016,3.633591827
RUS,RUS 2016,2016,10.88744577
RWA,RWA 2016,2016,0.097226535
SAS,SAS 2016,2016,1.386353777
SAU,SAU 2016,2016,16.7951115
SDN,SDN 2016,2016,0.53660534
SEN,SEN 2016,2016,0.686716537
SGP,SGP 2016,2016,8.221450295
SLB,SLB 2016,2016,0.573155338
SLE,SLE 2016,2016,0.124100721
SLV,SLV 2016,2016,1.147106408
SMR,SMR 2016,2016,
SOM,SOM 2016,2016,0.046176946
SRB,SRB 2016,2016,6.604969132
SSA,SSA 2016,2016,0.756673582
SSD,SSD 2016,2016,0.156333237
SSF,SSF 2016,2016,0.757164204
SST,SST 2016,2016,5.723067694
STP,STP 2016,2016,0.635286735
SUR,SUR 2016,2016,5.073496994
SVK,SVK 2016,2016,5.80025256
SVN,SVN 2016,2016,6.731097778
SWE,SWE 2016,2016,3.908058712
SWZ,SWZ 2016,2016,0.735214292
SXM,SXM 2016,2016,
SYC,SYC 2016,2016,6.126091694
SYR,SYR 2016,2016,1.388929031
TCA,TCA 2016,2016,
TCD,TCD 2016,2016,0.151446782
TEA,TEA 2016,2016,5.529340512
TEC,TEC 2016,2016,6.955133686
TGO,TGO 2016,2016,0.300208025
THA,THA 2016,2016,3.705013228
TJK,TJK 2016,2016,0.697968848
TKM,TKM 2016,2016,12.49710045
TLA,TLA 2016,2016,2.740718424
TLS,TLS 2016,2016,0.489971128
TMN,TMN 2016,2016,3.590084248
TON,TON 2016,2016,1.419016772
TSA,TSA 2016,2016,1.386353777
TSS,TSS 2016,2016,0.757164204
TTO,TTO 2016,2016,12.46146166
TUN,TUN 2016,2016,2.533873386
TUR,TUR 2016,2016,4.623460851
TUV,TUV 2016,2016,0.921489106
TZA,TZA 2016,2016,0.20587553
UGA,UGA 2016,2016,0.127747538
UKR,UKR 2016,2016,4.480868101
UMC,UMC 2016,2016,6.112829199
URY,URY 2016,2016,1.909914148
USA,USA 2016,2016,15.1498852
UZB,UZB 2016,2016,3.304142608
VCT,VCT 2016,2016,2.453686574
VEN,VEN 2016,2016,4.914209919
VGB,VGB 2016,2016,
VIR,VIR 2016,2016,
VNM,VNM 2016,2016,2.402322986
VUT,VUT 2016,2016,0.63555285
WLD,WLD 2016,2016,4.407213932
WSM,WSM 2016,2016,1.459541567
XKX,XKX 2016,2016,
YEM,YEM 2016,2016,0.370636047
ZAF,ZAF 2016,2016,7.534967744
ZMB,ZMB 2016,2016,0.317275525
ZWE,ZWE 2016,2016,0.762487107
ABW,ABW 2017,2017,
AFE,AFE 2017,2017,0.928507991
AFG,AFG 2017,2017,0.134106112
AFW,AFW 2017,2017,0.474881978
AGO,AGO 2017,2017,0.80275079
ALB,ALB 2017,2017,1.788786074
AND,AND 2017,2017,6.365372358
ARB,ARB 2017,2017,4.386718652
ARE,ARE 2017,2017,21.72844747
ARG,ARG 2017,2017,4.071308362
ARM,ARM 2017,2017,1.882939997
ASM,ASM 2017,2017,
ATG,ATG 2017,2017,5.487329756
AUS,AUS 2017,2017,15.82324174
AUT,AUT 2017,2017,7.486161583
AZE,AZE 2017,2017,3.243341999
BDI,BDI 2017,2017,0.047509798
BEL,BEL 2017,2017,8.151095679
BEN,BEN 2017,2017,0.592405864
BFA,BFA 2017,2017,0.215266714
BGD,BGD 2017,2017,0.490376738
BGR,BGR 2017,2017,6.20129024
BHR,BHR 2017,2017,20.94953883
BHS,BHS 2017,2017,5.438324085
BIH,BIH 2017,2017,6.592971597
BLR,BLR 2017,2017,5.92135146
BLZ,BLZ 2017,2017,1.708064964
BMU,BMU 2017,2017,
BOL,BOL 2017,2017,1.989413174
BRA,BRA 2017,2017,2.18934835
BRB,BRB 2017,2017,4.226557639
BRN,BRN 2017,2017,16.94261349
BTN,BTN 2017,2017,1.282863495
BWA,BWA 2017,2017,3.051826901
CAF,CAF 2017,2017,0.044028698
CAN,CAN 2017,2017,15.54457104
CEB,CEB 2017,2017,6.612609217
CHE,CHE 2017,2017,4.578884688
CHI,CHI 2017,2017,
CHL,CHL 2017,2017,4.740160313
CHN,CHN 2017,2017,7.230985031
CIV,CIV 2017,2017,0.424983645
CMR,CMR 2017,2017,0.375924734
COD,COD 2017,2017,0.033814538
COG,COG 2017,2017,1.018383584
COL,COL 2017,2017,1.550928775
COM,COM 2017,2017,0.367616168
CPV,CPV 2017,2017,1.044332767
CRI,CRI 2017,2017,1.654037158
CSS,CSS 2017,2017,4.982451173
CUB,CUB 2017,2017,2.314666755
CUW,CUW 2017,2017,
CYM,CYM 2017,2017,
CYP,CYP 2017,2017,6.090078661
CZE,CZE 2017,2017,9.611647341
DEU,DEU 2017,2017,8.858293847
DJI,DJI 2017,2017,0.403755684
DMA,DMA 2017,2017,2.414669855
DNK,DNK 2017,2017,5.746767737
DOM,DOM 2017,2017,2.211839912
DZA,DZA 2017,2017,3.849132018
EAP,EAP 2017,2017,5.580868482
EAR,EAR 2017,2017,2.224919894
EAS,EAS 2017,2017,6.212693332
ECA,ECA 2017,2017,7.177095412
ECS,ECS 2017,2017,6.74502849
ECU,ECU 2017,2017,2.308805685
EGY,EGY 2017,2017,2.379717623
EMU,EMU 2017,2017,6.6185962
ERI,ERI 2017,2017,0.211955911
ESP,ESP 2017,2017,5.654254455
EST,EST 2017,2017,12.68422805
ETH,ETH 2017,2017,0.146213488
EUU,EUU 2017,2017,6.558763845
FCS,FCS 2017,2017,0.780095804
FIN,FIN 2017,2017,7.810154155
FJI,FJI 2017,2017,1.79539267
FRA,FRA 2017,2017,4.749542598
FRO,FRO 2017,2017,
FSM,FSM 2017,2017,1.629991915
GAB,GAB 2017,2017,2.490403966
GBR,GBR 2017,2017,5.555651514
GEO,GEO 2017,2017,2.609975618
GHA,GHA 2017,2017,0.562830149
GIB,GIB 2017,2017,
GIN,GIN 2017,2017,0.272858221
GMB,GMB 2017,2017,0.226778139
GNB,GNB 2017,2017,0.164908881
GNQ,GNQ 2017,2017,3.998086565
GRC,GRC 2017,2017,6.211250289
GRD,GRD 2017,2017,2.398259952
GRL,GRL 2017,2017,
GTM,GTM 2017,2017,1.029997461
GUM,GUM 2017,2017,
GUY,GUY 2017,2017,3.236152711
HIC,HIC 2017,2017,10.1608903
HKG,HKG 2017,2017,
HND,HND 2017,2017,0.961893862
HPC,HPC 2017,2017,0.274432354
HRV,HRV 2017,2017,4.221085948
HTI,HTI 2017,2017,0.306529824
HUN,HUN 2017,2017,4.744601547
IBD,IBD 2017,2017,4.282216033
IBT,IBT 2017,2017,3.331304782
IDA,IDA 2017,2017,0.534686446
IDB,IDB 2017,2017,0.862140449
IDN,IDN 2017,2017,1.955849726
IDX,IDX 2017,2017,0.367837741
IMN,IMN 2017,2017,
IND,IND 2017,2017,1.713496761
INX,INX 2017,2017,
IRL,IRL 2017,2017,7.858737173
IRN,IRN 2017,2017,7.412808941
IRQ,IRQ 2017,2017,3.914070007
ISL,ISL 2017,2017,4.863133247
ISR,ISR 2017,2017,7.529868203
ITA,ITA 2017,2017,5.437857589
JAM,JAM 2017,2017,2.570880748
JOR,JOR 2017,2017,2.559865326
JPN,JPN 2017,2017,9.098304984
KAZ,KAZ 2017,2017,11.89614517
KEN,KEN 2017,2017,0.387757343
KGZ,KGZ 2017,2017,1.521409491
KHM,KHM 2017,2017,0.801607535
KIR,KIR 2017,2017,0.747744334
KNA,KNA 2017,2017,5.022496487
KOR,KOR 2017,2017,12.20028602
KWT,KWT 2017,2017,21.99566423
LAC,LAC 2017,2017,2.484712841
LAO,LAO 2017,2017,2.722238523
LBN,LBN 2017,2017,4.79927816
LBR,LBR 2017,2017,0.266853959
LBY,LBY 2017,2017,8.648125225
LCA,LCA 2017,2017,2.991595149
LCN,LCN 2017,2017,2.699347736
LDC,LDC 2017,2017,0.324530779
LIC,LIC 2017,2017,0.293293231
LIE,LIE 2017,2017,4.222861422
LKA,LKA 2017,2017,1.089349031
LMC,LMC 2017,2017,1.661723951
LMY,LMY 2017,2017,3.281636211
LSO,LSO 2017,2017,0.322488946
LTE,LTE 2017,2017,6.410159839
LTU,LTU 2017,2017,3.966902972
LUX,LUX 2017,2017,15.09216281
LVA,LVA 2017,2017,3.665855177
MAC,MAC 2017,2017,
MAF,MAF 2017,2017,
MAR,MAR 2017,2017,1.787879837
MCO,MCO 2017,2017,
MDA,MDA 2017,2017,2.9253893
MDG,MDG 2017,2017,0.132596896
MDV,MDV 2017,2017,3.936991238
MEA,MEA 2017,2017,5.532358017
MEX,MEX 2017,2017,3.839000611
MHL,MHL 2017,2017,3.814610108
MIC,MIC 2017,2017,3.620241972
MKD,MKD 2017,2017,3.755118077
MLI,MLI 2017,2017,0.268235959
MLT,MLT 2017,2017,3.247870147
MMR,MMR 2017,2017,0.621553474
MNA,MNA 2017,2017,3.680911622
MNE,MNE 2017,2017,3.647330429
MNG,MNG 2017,2017,6.3242281
MNP,MNP 2017,2017,
MOZ,MOZ 2017,2017,0.252367557
MRT,MRT 2017,2017,0.838939285
MUS,MUS 2017,2017,3.297451534
MWI,MWI 2017,2017,0.066550469
MYS,MYS 2017,2017,7.118506884
NAC,NAC 2017,2017,14.8984536
NAM,NAM 2017,2017,1.805852646
NCL,NCL 2017,2017,
NER,NER 2017,2017,0.087864883
NGA,NGA 2017,2017,0.560735375
NIC,NIC 2017,2017,0.845609592
NLD,NLD 2017,2017,9.092131413
NOR,NOR 2017,2017,7.148044335
NPL,NPL 2017,2017,0.44281343
NRU,NRU 2017,2017,5.992124662
NZL,NZL 2017,2017,6.841033801
OED,OED 2017,2017,8.854910298
OMN,OMN 2017,2017,15.83714499
OSS,OSS 2017,2017,6.150494581
PAK,PAK 2017,2017,0.918894162
PAN,PAN 2017,2017,2.473106521
PER,PER 2017,2017,1.717106975
PHL,PHL 2017,2017,1.250720206
PLW,PLW 2017,2017,14.57644169
PNG,PNG 2017,2017,0.834906248
POL,POL 2017,2017,8.238615375
PRE,PRE 2017,2017,0.49527151
PRI,PRI 2017,2017,
PRK,PRK 2017,2017,2.127657859
PRT,PRT 2017,2017,5.177519279
PRY,PRY 2017,2017,1.268212126
PSE,PSE 2017,2017,
PSS,PSS 2017,2017,1.388741848
PST,PST 2017,2017,9.836417914
PYF,PYF 2017,2017,
QAT,QAT 2017,2017,32.2816777
ROU,ROU 2017,2017,3.788405676
RUS,RUS 2017,2017,11.03519747
RWA,RWA 2017,2017,0.097299025
SAS,SAS 2017,2017,1.452567688
SAU,SAU 2017,2017,15.94092541
SDN,SDN 2017,2017,0.515243061
SEN,SEN 2017,2017,0.64653213
SGP,SGP 2017,2017,8.755841796
SLB,SLB 2017,2017,0.543787298
SLE,SLE 2017,2017,0.122434652
SLV,SLV 2017,2017,1.018087182
SMR,SMR 2017,2017,
SOM,SOM 2017,2017,0.044401925
SRB,SRB 2017,2017,6.74276565
SSA,SSA 2017,2017,0.744198216
SSD,SSD 2017,2017,0.14261285
SSF,SSF 2017,2017,0.744676345
SST,SST 2017,2017,5.650748468
STP,STP 2017,2017,0.672960452
SUR,SUR 2017,2017,4.254891849
SVK,SVK 2017,2017,6.173666031
SVN,SVN 2017,2017,6.833179386
SWE,SWE 2017,2017,3.807034265
SWZ,SWZ 2017,2017,0.772978735
SXM,SXM 2017,2017,
SYC,SYC 2017,2017,6.05156332
SYR,SYR 2017,2017,1.545563065
TCA,TCA 2017,2017,
TCD,TCD 2017,2017,0.142517342
TEA,TEA 2017,2017,5.623784769
TEC,TEC 2017,2017,7.092773523
TGO,TGO 2017,2017,0.263600404
THA,THA 2017,2017,3.650586334
TJK,TJK 2017,2017,0.825721723
TKM,TKM 2017,2017,12.25122495
TLA,TLA 2017,2017,2.680150082
TLS,TLS 2017,2017,0.490655439
TMN,TMN 2017,2017,3.683172768
TON,TON 2017,2017,1.707536946
TSA,TSA 2017,2017,1.452567688
TSS,TSS 2017,2017,0.744676345
TTO,TTO 2017,2017,12.34269823
TUN,TUN 2017,2017,2.536523191
TUR,TUR 2017,2017,5.066401211
TUV,TUV 2017,2017,0.923531564
TZA,TZA 2017,2017,0.210247449
UGA,UGA 2017,2017,0.128840659
UKR,UKR 2017,2017,3.902198828
UMC,UMC 2017,2017,6.195026404
URY,URY 2017,2017,1.782479079
USA,USA 2017,2017,14.82326087
UZB,UZB 2017,2017,3.381745391
VCT,VCT 2017,2017,2.17908274
VEN,VEN 2017,2017,4.607466947
VGB,VGB 2017,2017,
VIR,VIR 2017,2017,
VNM,VNM 2017,2017,2.450734097
VUT,VUT 2017,2017,0.585724185
WLD,WLD 2017,2017,4.422517928
WSM,WSM 2017,2017,1.493040516
XKX,XKX 2017,2017,
YEM,YEM 2017,2017,0.33328463
ZAF,ZAF 2017,2017,7.691396451
ZMB,ZMB 2017,2017,0.393685899
ZWE,ZWE 2017,2017,0.700964637
ABW,ABW 2018,2018,
AFE,AFE 2018,2018,0.908093518
AFG,AFG 2018,2018,0.165454682
AFW,AFW 2018,2018,0.47830457
AGO,AGO 2018,2018,0.766143022
ALB,ALB 2018,2018,1.782738948
AND,AND 2018,2018,6.532201212
ARB,ARB 2018,2018,4.246680843
ARE,ARE 2018,2018,19.37819696
ARG,ARG 2018,2018,3.975771971
ARM,ARM 2018,2018,2.013003806
ASM,ASM 2018,2018,
ATG,ATG 2018,2018,5.566105586
AUS,AUS 2018,2018,15.50348628
AUT,AUT 2018,2018,7.133063919
AZE,AZE 2018,2018,3.292832354
BDI,BDI 2018,2018,0.060034078
BEL,BEL 2018,2018,8.196338589
BEN,BEN 2018,2018,0.621404996
BFA,BFA 2018,2018,0.229003261
BGD,BGD 2018,2018,0.509823919
BGR,BGR 2018,2018,5.82203361
BHR,BHR 2018,2018,20.71483283
BHS,BHS 2018,2018,6.966803064
BIH,BIH 2018,2018,6.646806748
BLR,BLR 2018,2018,6.245507315
BLZ,BLZ 2018,2018,1.648929754
BMU,BMU 2018,2018,
BOL,BOL 2018,2018,2.00139482
BRA,BRA 2018,2018,2.064980862
BRB,BRB 2018,2018,4.433511661
BRN,BRN 2018,2018,17.36231034
BTN,BTN 2018,2018,1.377779115
BWA,BWA 2018,2018,2.981958516
CAF,CAF 2018,2018,0.045144246
CAN,CAN 2018,2018,15.65057904
CEB,CEB 2018,2018,6.568852985
CHE,CHE 2018,2018,4.40199099
CHI,CHI 2018,2018,
CHL,CHL 2018,2018,4.631191732
CHN,CHN 2018,2018,7.487331894
CIV,CIV 2018,2018,0.399702062
CMR,CMR 2018,2018,0.382426004
COD,COD 2018,2018,0.035826095
COG,COG 2018,2018,1.192781808
COL,COL 2018,2018,1.594862888
COM,COM 2018,2018,0.386442082
CPV,CPV 2018,2018,1.067923457
CRI,CRI 2018,2018,1.66047244
CSS,CSS 2018,2018,5.137870978
CUB,CUB 2018,2018,2.357823427
CUW,CUW 2018,2018,
CYM,CYM 2018,2018,
CYP,CYP 2018,2018,5.907299543
CZE,CZE 2018,2018,9.492068199
DEU,DEU 2018,2018,8.536196091
DJI,DJI 2018,2018,0.378358648
DMA,DMA 2018,2018,2.400350194
DNK,DNK 2018,2018,5.718343553
DOM,DOM 2018,2018,2.35102193
DZA,DZA 2018,2018,3.948290258
EAP,EAP 2018,2018,5.803674518
EAR,EAR 2018,2018,2.247948795
EAS,EAS 2018,2018,6.398911291
ECA,ECA 2018,2018,7.351726877
ECS,ECS 2018,2018,6.736416246
ECU,ECU 2018,2018,2.359001713
EGY,EGY 2018,2018,2.389706724
EMU,EMU 2018,2018,6.435645269
ERI,ERI 2018,2018,0.246707621
ESP,ESP 2018,2018,5.492571471
EST,EST 2018,2018,11.58870366
ETH,ETH 2018,2018,0.15513441
EUU,EUU 2018,2018,6.403295263
FCS,FCS 2018,2018,0.771002029
FIN,FIN 2018,2018,8.082639791
FJI,FJI 2018,2018,1.773674744
FRA,FRA 2018,2018,4.572030089
FRO,FRO 2018,2018,
FSM,FSM 2018,2018,1.532511803
GAB,GAB 2018,2018,2.335753584
GBR,GBR 2018,2018,5.427748177
GEO,GEO 2018,2018,2.568059536
GHA,GHA 2018,2018,0.605105683
GIB,GIB 2018,2018,
GIN,GIN 2018,2018,0.298689018
GMB,GMB 2018,2018,0.224956609
GNB,GNB 2018,2018,0.166237649
GNQ,GNQ 2018,2018,4.280699257
GRC,GRC 2018,2018,6.0580184
GRD,GRD 2018,2018,2.626438327
GRL,GRL 2018,2018,
GTM,GTM 2018,2018,1.120698338
GUM,GUM 2018,2018,
GUY,GUY 2018,2018,3.297204014
HIC,HIC 2018,2018,10.12438028
HKG,HKG 2018,2018,
HND,HND 2018,2018,1.026258974
HPC,HPC 2018,2018,0.280627731
HRV,HRV 2018,2018,4.019234669
HTI,HTI 2018,2018,0.298753559
HUN,HUN 2018,2018,4.746529359
IBD,IBD 2018,2018,4.398494591
IBT,IBT 2018,2018,3.407282337
IDA,IDA 2018,2018,0.531735137
IDB,IDB 2018,2018,0.835724437
IDN,IDN 2018,2018,2.160470329
IDX,IDX 2018,2018,0.377399628
IMN,IMN 2018,2018,
IND,IND 2018,2018,1.791032878
INX,INX 2018,2018,
IRL,IRL 2018,2018,7.737323783
IRN,IRN 2018,2018,7.445084604
IRQ,IRQ 2018,2018,4.019393455
ISL,ISL 2018,2018,4.819673475
ISR,ISR 2018,2018,6.87621041
ITA,ITA 2018,2018,5.37687093
JAM,JAM 2018,2018,3.062057218
JOR,JOR 2018,2018,2.369055498
JPN,JPN 2018,2018,8.801681435
KAZ,KAZ 2018,2018,11.8513159
KEN,KEN 2018,2018,0.350126986
KGZ,KGZ 2018,2018,1.779275005
KHM,KHM 2018,2018,0.909814876
KIR,KIR 2018,2018,0.736130112
KNA,KNA 2018,2018,5.234396265
KOR,KOR 2018,2018,12.22524582
KWT,KWT 2018,2018,21.16888653
LAC,LAC 2018,2018,2.403438677
LAO,LAO 2018,2018,2.724839446
LBN,LBN 2018,2018,4.66992989
LBR,LBR 2018,2018,0.231112626
LBY,LBY 2018,2018,8.740631096
LCA,LCA 2018,2018,2.979402609
LCN,LCN 2018,2018,2.611409441
LDC,LDC 2018,2018,0.332683989
LIC,LIC 2018,2018,0.285320409
LIE,LIE 2018,2018,3.666745255
LKA,LKA 2018,2018,1.00092296
LMC,LMC 2018,2018,1.730165935
LMY,LMY 2018,2018,3.359939516
LSO,LSO 2018,2018,0.332117549
LTE,LTE 2018,2018,6.597812977
LTU,LTU 2018,2018,4.158422562
LUX,LUX 2018,2018,15.33020757
LVA,LVA 2018,2018,4.042188179
MAC,MAC 2018,2018,
MAF,MAF 2018,2018,
MAR,MAR 2018,2018,1.808085149
MCO,MCO 2018,2018,
MDA,MDA 2018,2018,3.154547318
MDG,MDG 2018,2018,0.124783297
MDV,MDV 2018,2018,4.287831755
MEA,MEA 2018,2018,5.402336731
MEX,MEX 2018,2018,3.649350191
MHL,MHL 2018,2018,3.913979585
MIC,MIC 2018,2018,3.71416074
MKD,MKD 2018,2018,3.51601022
MLI,MLI 2018,2018,0.274401426
MLT,MLT 2018,2018,3.198316143
MMR,MMR 2018,2018,0.625450763
MNA,MNA 2018,2018,3.693564073
MNE,MNE 2018,2018,4.017826292
MNG,MNG 2018,2018,6.811017869
MNP,MNP 2018,2018,
MOZ,MOZ 2018,2018,0.236202713
MRT,MRT 2018,2018,0.86402456
MUS,MUS 2018,2018,3.264040403
MWI,MWI 2018,2018,0.07513114
MYS,MYS 2018,2018,7.543688365
NAC,NAC 2018,2018,15.26852327
NAM,NAM 2018,2018,1.758338607
NCL,NCL 2018,2018,
NER,NER 2018,2018,0.086370866
NGA,NGA 2018,2018,0.553915601
NIC,NIC 2018,2018,0.777513538
NLD,NLD 2018,2018,8.783850008
NOR,NOR 2018,2018,7.076542655
NPL,NPL 2018,2018,0.532856949
NRU,NRU 2018,2018,5.031868388
NZL,NZL 2018,2018,6.603273193
OED,OED 2018,2018,8.832554965
OMN,OMN 2018,2018,16.43064961
OSS,OSS 2018,2018,6.006908245
PAK,PAK 2018,2018,0.852449537
PAN,PAN 2018,2018,2.415218377
PER,PER 2018,2018,1.695133992
PHL,PHL 2018,2018,1.276333177
PLW,PLW 2018,2018,13.99462606
PNG,PNG 2018,2018,0.810356522
POL,POL 2018,2018,8.213615723
PRE,PRE 2018,2018,0.498020767
PRI,PRI 2018,2018,
PRK,PRK 2018,2018,1.970891065
PRT,PRT 2018,2018,4.813385529
PRY,PRY 2018,2018,1.314538119
PSE,PSE 2018,2018,
PSS,PSS 2018,2018,1.358443424
PST,PST 2018,2018,9.867219268
PYF,PYF 2018,2018,
QAT,QAT 2018,2018,31.23540631
ROU,ROU 2018,2018,3.86105157
RUS,RUS 2018,2018,11.49657125
RWA,RWA 2018,2018,0.102938057
SAS,SAS 2018,2018,1.504340472
SAU,SAU 2018,2018,14.88543121
SDN,SDN 2018,2018,0.496677809
SEN,SEN 2018,2018,0.653615395
SGP,SGP 2018,2018,8.406228967
SLB,SLB 2018,2018,0.546075935
SLE,SLE 2018,2018,0.109396931
SLV,SLV 2018,2018,1.085026906
SMR,SMR 2018,2018,
SOM,SOM 2018,2018,0.042826293
SRB,SRB 2018,2018,6.606418045
SSA,SSA 2018,2018,0.733475159
SSD,SSD 2018,2018,0.149105425
SSF,SSF 2018,2018,0.733941129
SST,SST 2018,2018,5.570307798
STP,STP 2018,2018,0.662427136
SUR,SUR 2018,2018,3.722324749
SVK,SVK 2018,2018,6.058635474
SVN,SVN 2018,2018,6.784338879
SWE,SWE 2018,2018,3.538991742
SWZ,SWZ 2018,2018,0.784193441
SXM,SXM 2018,2018,
SYC,SYC 2018,2018,5.994088416
SYR,SYR 2018,2018,1.416714605
TCA,TCA 2018,2018,
TCD,TCD 2018,2018,0.140346743
TEA,TEA 2018,2018,5.851209678
TEC,TEC 2018,2018,7.244518062
TGO,TGO 2018,2018,0.287074946
THA,THA 2018,2018,3.613917211
TJK,TJK 2018,2018,0.950906528
TKM,TKM 2018,2018,12.04438716
TLA,TLA 2018,2018,2.588687282
TLS,TLS 2018,2018,0.483419132
TMN,TMN 2018,2018,3.696182974
TON,TON 2018,2018,1.521635724
TSA,TSA 2018,2018,1.504340472
TSS,TSS 2018,2018,0.733941129
TTO,TTO 2018,2018,11.81623868
TUN,TUN 2018,2018,2.504809913
TUR,TUR 2018,2018,4.972025981
TUV,TUV 2018,2018,0.920386542
TZA,TZA 2018,2018,0.206574427
UGA,UGA 2018,2018,0.14115246
UKR,UKR 2018,2018,4.159783074
UMC,UMC 2018,2018,6.341486224
URY,URY 2018,2018,1.908351273
USA,USA 2018,2018,15.22254765
UZB,UZB 2018,2018,3.412721809
VCT,VCT 2018,2018,2.374597506
VEN,VEN 2018,2018,4.430079197
VGB,VGB 2018,2018,
VIR,VIR 2018,2018,
VNM,VNM 2018,2018,3.009029365
VUT,VUT 2018,2018,0.706361945
WLD,WLD 2018,2018,4.475378704
WSM,WSM 2018,2018,1.382921358
XKX,XKX 2018,2018,
YEM,YEM 2018,2018,0.31568166
ZAF,ZAF 2018,2018,7.575039606
ZMB,ZMB 2018,2018,0.433395739
ZWE,ZWE 2018,2018,0.822472016
ABW,ABW 2019,2019,
AFE,AFE 2019,2019,0.903764111
AFG,AFG 2019,2019,0.160976451
AFW,AFW 2019,2019,0.485883896
AGO,AGO 2019,2019,0.779202575
ALB,ALB 2019,2019,1.69224832
AND,AND 2019,2019,6.549388942
ARB,ARB 2019,2019,4.272608461
ARE,ARE 2019,2019,20.50228321
ARG,ARG 2019,2019,3.740650291
ARM,ARM 2019,2019,2.187476318
ASM,ASM 2019,2019,
ATG,ATG 2019,2019,5.644994745
AUS,AUS 2019,2019,15.25361834
AUT,AUT 2019,2019,7.293984252
AZE,AZE 2019,2019,3.542397828
BDI,BDI 2019,2019,0.060632409
BEL,BEL 2019,2019,8.095583954
BEN,BEN 2019,2019,0.593957402
BFA,BFA 2019,2019,0.238644814
BGD,BGD 2019,2019,0.548224197
BGR,BGR 2019,2019,5.61085728
BHR,BHR 2019,2019,22.25958067
BHS,BHS 2019,2019,7.02002416
BIH,BIH 2019,2019,6.26950657
BLR,BLR 2019,2019,6.122237765
BLZ,BLZ 2019,2019,1.644842482
BMU,BMU 2019,2019,
BOL,BOL 2019,2019,1.896866998
BRA,BRA 2019,2019,2.050685078
BRB,BRB 2019,2019,4.46141766
BRN,BRN 2019,2019,15.95715486
BTN,BTN 2019,2019,1.368151201
BWA,BWA 2019,2019,2.900345721
CAF,CAF 2019,2019,0.046071236
CAN,CAN 2019,2019,15.43061283
CEB,CEB 2019,2019,6.265421585
CHE,CHE 2019,2019,4.359041462
CHI,CHI 2019,2019,
CHL,CHL 2019,2019,4.798974486
CHN,CHN 2019,2019,7.605936961
CIV,CIV 2019,2019,0.414187926
CMR,CMR 2019,2019,0.365754231
COD,COD 2019,2019,0.035703604
COG,COG 2019,2019,1.303239669
COL,COL 2019,2019,1.61474775
COM,COM 2019,2019,0.404558352
CPV,CPV 2019,2019,1.126457855
CRI,CRI 2019,2019,1.620601418
CSS,CSS 2019,2019,5.102300694
CUB,CUB 2019,2019,2.289537296
CUW,CUW 2019,2019,
CYM,CYM 2019,2019,
CYP,CYP 2019,2019,5.851065608
CZE,CZE 2019,2019,9.022786158
DEU,DEU 2019,2019,7.911621016
DJI,DJI 2019,2019,0.391063625
DMA,DMA 2019,2019,2.380019065
DNK,DNK 2019,2019,5.107988509
DOM,DOM 2019,2019,2.502324464
DZA,DZA 2019,2019,4.010034523
EAP,EAP 2019,2019,5.930300123
EAR,EAR 2019,2019,2.234386826
EAS,EAS 2019,2019,6.489710148
ECA,ECA 2019,2019,7.364193848
ECS,ECS 2019,2019,6.57407725
ECU,ECU 2019,2019,2.265370728
EGY,EGY 2019,2019,2.361040835
EMU,EMU 2019,2019,6.111383515
ERI,ERI 2019,2019,0.25151351
ESP,ESP 2019,2019,5.09135092
EST,EST 2019,2019,7.672029278
ETH,ETH 2019,2019,0.160882449
EUU,EUU 2019,2019,6.091126154
FCS,FCS 2019,2019,0.76134172
FIN,FIN 2019,2019,7.372854761
FJI,FJI 2019,2019,1.774700174
FRA,FRA 2019,2019,4.459547465
FRO,FRO 2019,2019,
FSM,FSM 2019,2019,1.616103639
GAB,GAB 2019,2019,2.340839626
GBR,GBR 2019,2019,5.220514488
GEO,GEO 2019,2019,2.717624226
GHA,GHA 2019,2019,0.635740643
GIB,GIB 2019,2019,
GIN,GIN 2019,2019,0.306735631
GMB,GMB 2019,2019,0.23117857
GNB,GNB 2019,2019,0.167473846
GNQ,GNQ 2019,2019,3.444876441
GRC,GRC 2019,2019,5.59618907
GRD,GRD 2019,2019,2.688960701
GRL,GRL 2019,2019,
GTM,GTM 2019,2019,1.162970924
GUM,GUM 2019,2019,
GUY,GUY 2019,2019,3.568061597
HIC,HIC 2019,2019,9.811360288
HKG,HKG 2019,2019,
HND,HND 2019,2019,1.026225098
HPC,HPC 2019,2019,0.280603324
HRV,HRV 2019,2019,4.063707833
HTI,HTI 2019,2019,0.297479358
HUN,HUN 2019,2019,4.74663103
IBD,IBD 2019,2019,4.432463482
IBT,IBT 2019,2019,3.423772007
IDA,IDA 2019,2019,0.540054105
IDB,IDB 2019,2019,0.850055507
IDN,IDN 2019,2019,2.299255915
IDX,IDX 2019,2019,0.383180745
IMN,IMN 2019,2019,
IND,IND 2019,2019,1.775922673
INX,INX 2019,2019,
IRL,IRL 2019,2019,7.245143221
IRN,IRN 2019,2019,7.277950876
IRQ,IRQ 2019,2019,4.199836721
ISL,ISL 2019,2019,4.548442258
ISR,ISR 2019,2019,6.919593718
ITA,ITA 2019,2019,5.311315442
JAM,JAM 2019,2019,2.981761622
JOR,JOR 2019,2019,2.302152439
JPN,JPN 2019,2019,8.540980205
KAZ,KAZ 2019,2019,11.45693783
KEN,KEN 2019,2019,0.437279031
KGZ,KGZ 2019,2019,1.556643256
KHM,KHM 2019,2019,0.998288121
KIR,KIR 2019,2019,0.724398577
KNA,KNA 2019,2019,5.239771965
KOR,KOR 2019,2019,11.79932538
KWT,KWT 2019,2019,20.86194896
LAC,LAC 2019,2019,2.369150121
LAO,LAO 2019,2019,2.594268107
LBN,LBN 2019,2019,4.83404537
LBR,LBR 2019,2019,0.236696398
LBY,LBY 2019,2019,8.646557823
LCA,LCA 2019,2019,3.023804178
LCN,LCN 2019,2019,2.560649217
LDC,LDC 2019,2019,0.341196527
LIC,LIC 2019,2019,0.28962662
LIE,LIE 2019,2019,3.897926458
LKA,LKA 2019,2019,1.090675627
LMC,LMC 2019,2019,1.748662688
LMY,LMY 2019,2019,3.382211215
LSO,LSO 2019,2019,0.345958255
LTE,LTE 2019,2019,6.711229518
LTU,LTU 2019,2019,4.198076022
LUX,LUX 2019,2019,15.30642656
LVA,LVA 2019,2019,3.955435862
MAC,MAC 2019,2019,
MAF,MAF 2019,2019,
MAR,MAR 2019,2019,1.968907009
MCO,MCO 2019,2019,
MDA,MDA 2019,2019,3.325546071
MDG,MDG 2019,2019,0.149637883
MDV,MDV 2019,2019,4.182292243
MEA,MEA 2019,2019,5.401343836
MEX,MEX 2019,2019,3.591708614
MHL,MHL 2019,2019,4.024324968
MIC,MIC 2019,2019,3.744954107
MKD,MKD 2019,2019,3.996737213
MLI,MLI 2019,2019,0.283457954
MLT,MLT 2019,2019,3.293245606
MMR,MMR 2019,2019,0.692304948
MNA,MNA 2019,2019,3.674748975
MNE,MNE 2019,2019,4.179875994
MNG,MNG 2019,2019,7.13704541
MNP,MNP 2019,2019,
MOZ,MOZ 2019,2019,0.247642485
MRT,MRT 2019,2019,0.901034695
MUS,MUS 2019,2019,3.294591006
MWI,MWI 2019,2019,0.076852396
MYS,MYS 2019,2019,7.720700215
NAC,NAC 2019,2019,14.75353008
NAM,NAM 2019,2019,1.724811534
NCL,NCL 2019,2019,
NER,NER 2019,2019,0.091710278
NGA,NGA 2019,2019,0.567031243
NIC,NIC 2019,2019,0.786323459
NLD,NLD 2019,2019,8.437074627
NOR,NOR 2019,2019,6.722269985
NPL,NPL 2019,2019,0.466487529
NRU,NRU 2019,2019,4.945598307
NZL,NZL 2019,2019,6.830414187
OED,OED 2019,2019,8.518928882
OMN,OMN 2019,2019,16.51832088
OSS,OSS 2019,2019,5.965549471
PAK,PAK 2019,2019,0.853451601
PAN,PAN 2019,2019,3.151777743
PER,PER 2019,2019,1.728872515
PHL,PHL 2019,2019,1.3174392
PLW,PLW 2019,2019,13.95400759
PNG,PNG 2019,2019,0.794342263
POL,POL 2019,2019,7.773641839
PRE,PRE 2019,2019,0.51161184
PRI,PRI 2019,2019,
PRK,PRK 2019,2019,2.175850956
PRT,PRT 2019,2019,4.339768426
PRY,PRY 2019,2019,1.257269119
PSE,PSE 2019,2019,
PSS,PSS 2019,2019,1.352486338
PST,PST 2019,2019,9.5233004
PYF,PYF 2019,2019,
QAT,QAT 2019,2019,32.76177492
ROU,ROU 2019,2019,3.817434477
RUS,RUS 2019,2019,11.79720293
RWA,RWA 2019,2019,0.103622683
SAS,SAS 2019,2019,1.495531949
SAU,SAU 2019,2019,14.61955333
SDN,SDN 2019,2019,0.476960503
SEN,SEN 2019,2019,0.663717595
SGP,SGP 2019,2019,8.307079491
SLB,SLB 2019,2019,0.533338885
SLE,SLE 2019,2019,0.11184531
SLV,SLV 2019,2019,1.241995331
SMR,SMR 2019,2019,
SOM,SOM 2019,2019,0.043175461
SRB,SRB 2019,2019,6.616046939
SSA,SSA 2019,2019,0.734013261
SSD,SSD 2019,2019,0.162715773
SSF,SSF 2019,2019,0.73449326
SST,SST 2019,2019,5.534303371
STP,STP 2019,2019,0.698978122
SUR,SUR 2019,2019,4.414452242
SVK,SVK 2019,2019,5.698416255
SVN,SVN 2019,2019,6.512209378
SWE,SWE 2019,2019,3.405037919
SWZ,SWZ 2019,2019,0.820784292
SXM,SXM 2019,2019,
SYC,SYC 2019,2019,6.248399634
SYR,SYR 2019,2019,1.279215743
TCA,TCA 2019,2019,
TCD,TCD 2019,2019,0.139518738
TEA,TEA 2019,2019,5.976809177
TEC,TEC 2019,2019,7.21881163
TGO,TGO 2019,2019,0.287513388
THA,THA 2019,2019,3.745594941
TJK,TJK 2019,2019,1.008889049
TKM,TKM 2019,2019,11.83258088
TLA,TLA 2019,2019,2.538443936
TLS,TLS 2019,2019,0.484209313
TMN,TMN 2019,2019,3.677696624
TON,TON 2019,2019,1.524520933
TSA,TSA 2019,2019,1.495531949
TSS,TSS 2019,2019,0.73449326
TTO,TTO 2019,2019,11.3095457
TUN,TUN 2019,2019,2.48229898
TUR,TUR 2019,2019,4.753617528
TUV,TUV 2019,2019,0.912741856
TZA,TZA 2019,2019,0.207941599
UGA,UGA 2019,2019,0.136440644
UKR,UKR 2019,2019,3.936583531
UMC,UMC 2019,2019,6.408675263
URY,URY 2019,2019,1.893006281
USA,USA 2019,2019,14.67341061
UZB,UZB 2019,2019,3.47554445
VCT,VCT 2019,2019,2.477983974
VEN,VEN 2019,2019,3.877579233
VGB,VGB 2019,2019,
VIR,VIR 2019,2019,
VNM,VNM 2019,2019,3.513275505
VUT,VUT 2019,2019,0.689872648
WLD,WLD 2019,2019,4.435673112
WSM,WSM 2019,2019,1.415728803
XKX,XKX 2019,2019,
YEM,YEM 2019,2019,0.351859419
ZAF,ZAF 2019,2019,7.568640115
ZMB,ZMB 2019,2019,0.369957765
ZWE,ZWE 2019,2019,0.765893876
ABW,ABW 2020,2020,
AFE,AFE 2020,2020,
AFG,AFG 2020,2020,
AFW,AFW 2020,2020,
AGO,AGO 2020,2020,
ALB,ALB 2020,2020,
AND,AND 2020,2020,
ARB,ARB 2020,2020,
ARE,ARE 2020,2020,
ARG,ARG 2020,2020,
ARM,ARM 2020,2020,
ASM,ASM 2020,2020,
ATG,ATG 2020,2020,
AUS,AUS 2020,2020,
AUT,AUT 2020,2020,
AZE,AZE 2020,2020,
BDI,BDI 2020,2020,
BEL,BEL 2020,2020,
BEN,BEN 2020,2020,
BFA,BFA 2020,2020,
BGD,BGD 2020,2020,
BGR,BGR 2020,2020,
BHR,BHR 2020,2020,
BHS,BHS 2020,2020,
BIH,BIH 2020,2020,
BLR,BLR 2020,2020,
BLZ,BLZ 2020,2020,
BMU,BMU 2020,2020,
BOL,BOL 2020,2020,
BRA,BRA 2020,2020,
BRB,BRB 2020,2020,
BRN,BRN 2020,2020,
BTN,BTN 2020,2020,
BWA,BWA 2020,2020,
CAF,CAF 2020,2020,
CAN,CAN 2020,2020,
CEB,CEB 2020,2020,
CHE,CHE 2020,2020,
CHI,CHI 2020,2020,
CHL,CHL 2020,2020,
CHN,CHN 2020,2020,
CIV,CIV 2020,2020,
CMR,CMR 2020,2020,
COD,COD 2020,2020,
COG,COG 2020,2020,
COL,COL 2020,2020,
COM,COM 2020,2020,
CPV,CPV 2020,2020,
CRI,CRI 2020,2020,
CSS,CSS 2020,2020,
CUB,CUB 2020,2020,
CUW,CUW 2020,2020,
CYM,CYM 2020,2020,
CYP,CYP 2020,2020,
CZE,CZE 2020,2020,
DEU,DEU 2020,2020,
DJI,DJI 2020,2020,
DMA,DMA 2020,2020,
DNK,DNK 2020,2020,
DOM,DOM 2020,2020,
DZA,DZA 2020,2020,
EAP,EAP 2020,2020,
EAR,EAR 2020,2020,
EAS,EAS 2020,2020,
ECA,ECA 2020,2020,
ECS,ECS 2020,2020,
ECU,ECU 2020,2020,
EGY,EGY 2020,2020,
EMU,EMU 2020,2020,
ERI,ERI 2020,2020,
ESP,ESP 2020,2020,
EST,EST 2020,2020,
ETH,ETH 2020,2020,
EUU,EUU 2020,2020,
FCS,FCS 2020,2020,
FIN,FIN 2020,2020,
FJI,FJI 2020,2020,
FRA,FRA 2020,2020,
FRO,FRO 2020,2020,
FSM,FSM 2020,2020,
GAB,GAB 2020,2020,
GBR,GBR 2020,2020,
GEO,GEO 2020,2020,
GHA,GHA 2020,2020,
GIB,GIB 2020,2020,
GIN,GIN 2020,2020,
GMB,GMB 2020,2020,
GNB,GNB 2020,2020,
GNQ,GNQ 2020,2020,
GRC,GRC 2020,2020,
GRD,GRD 2020,2020,
GRL,GRL 2020,2020,
GTM,GTM 2020,2020,
GUM,GUM 2020,2020,
GUY,GUY 2020,2020,
HIC,HIC 2020,2020,
HKG,HKG 2020,2020,
HND,HND 2020,2020,
HPC,HPC 2020,2020,
HRV,HRV 2020,2020,
HTI,HTI 2020,2020,
HUN,HUN 2020,2020,
IBD,IBD 2020,2020,
IBT,IBT 2020,2020,
IDA,IDA 2020,2020,
IDB,IDB 2020,2020,
IDN,IDN 2020,2020,
IDX,IDX 2020,2020,
IMN,IMN 2020,2020,
IND,IND 2020,2020,
INX,INX 2020,2020,
IRL,IRL 2020,2020,
IRN,IRN 2020,2020,
IRQ,IRQ 2020,2020,
ISL,ISL 2020,2020,
ISR,ISR 2020,2020,
ITA,ITA 2020,2020,
JAM,JAM 2020,2020,
JOR,JOR 2020,2020,
JPN,JPN 2020,2020,
KAZ,KAZ 2020,2020,
KEN,KEN 2020,2020,
KGZ,KGZ 2020,2020,
KHM,KHM 2020,2020,
KIR,KIR 2020,2020,
KNA,KNA 2020,2020,
KOR,KOR 2020,2020,
KWT,KWT 2020,2020,
LAC,LAC 2020,2020,
LAO,LAO 2020,2020,
LBN,LBN 2020,2020,
LBR,LBR 2020,2020,
LBY,LBY 2020,2020,
LCA,LCA 2020,2020,
LCN,LCN 2020,2020,
LDC,LDC 2020,2020,
LIC,LIC 2020,2020,
LIE,LIE 2020,2020,
LKA,LKA 2020,2020,
LMC,LMC 2020,2020,
LMY,LMY 2020,2020,
LSO,LSO 2020,2020,
LTE,LTE 2020,2020,
LTU,LTU 2020,2020,
LUX,LUX 2020,2020,
LVA,LVA 2020,2020,
MAC,MAC 2020,2020,
MAF,MAF 2020,2020,
MAR,MAR 2020,2020,
MCO,MCO 2020,2020,
MDA,MDA 2020,2020,
MDG,MDG 2020,2020,
MDV,MDV 2020,2020,
MEA,MEA 2020,2020,
MEX,MEX 2020,2020,
MHL,MHL 2020,2020,
MIC,MIC 2020,2020,
MKD,MKD 2020,2020,
MLI,MLI 2020,2020,
MLT,MLT 2020,2020,
MMR,MMR 2020,2020,
MNA,MNA 2020,2020,
MNE,MNE 2020,2020,
MNG,MNG 2020,2020,
MNP,MNP 2020,2020,
MOZ,MOZ 2020,2020,
MRT,MRT 2020,2020,
MUS,MUS 2020,2020,
MWI,MWI 2020,2020,
MYS,MYS 2020,2020,
NAC,NAC 2020,2020,
NAM,NAM 2020,2020,
NCL,NCL 2020,2020,
NER,NER 2020,2020,
NGA,NGA 2020,2020,
NIC,NIC 2020,2020,
NLD,NLD 2020,2020,
NOR,NOR 2020,2020,
NPL,NPL 2020,2020,
NRU,NRU 2020,2020,
NZL,NZL 2020,2020,
OED,OED 2020,2020,
OMN,OMN 2020,2020,
OSS,OSS 2020,2020,
PAK,PAK 2020,2020,
PAN,PAN 2020,2020,
PER,PER 2020,2020,
PHL,PHL 2020,2020,
PLW,PLW 2020,2020,
PNG,PNG 2020,2020,
POL,POL 2020,2020,
PRE,PRE 2020,2020,
PRI,PRI 2020,2020,
PRK,PRK 2020,2020,
PRT,PRT 2020,2020,
PRY,PRY 2020,2020,
PSE,PSE 2020,2020,
PSS,PSS 2020,2020,
PST,PST 2020,2020,
PYF,PYF 2020,2020,
QAT,QAT 2020,2020,
ROU,ROU 2020,2020,
RUS,RUS 2020,2020,
RWA,RWA 2020,2020,
SAS,SAS 2020,2020,
SAU,SAU 2020,2020,
SDN,SDN 2020,2020,
SEN,SEN 2020,2020,
SGP,SGP 2020,2020,
SLB,SLB 2020,2020,
SLE,SLE 2020,2020,
SLV,SLV 2020,2020,
SMR,SMR 2020,2020,
SOM,SOM 2020,2020,
SRB,SRB 2020,2020,
SSA,SSA 2020,2020,
SSD,SSD 2020,2020,
SSF,SSF 2020,2020,
SST,SST 2020,2020,
STP,STP 2020,2020,
SUR,SUR 2020,2020,
SVK,SVK 2020,2020,
SVN,SVN 2020,2020,
SWE,SWE 2020,2020,
SWZ,SWZ 2020,2020,
SXM,SXM 2020,2020,
SYC,SYC 2020,2020,
SYR,SYR 2020,2020,
TCA,TCA 2020,2020,
TCD,TCD 2020,2020,
TEA,TEA 2020,2020,
TEC,TEC 2020,2020,
TGO,TGO 2020,2020,
THA,THA 2020,2020,
TJK,TJK 2020,2020,
TKM,TKM 2020,2020,
TLA,TLA 2020,2020,
TLS,TLS 2020,2020,
TMN,TMN 2020,2020,
TON,TON 2020,2020,
TSA,TSA 2020,2020,
TSS,TSS 2020,2020,
TTO,TTO 2020,2020,
TUN,TUN 2020,2020,
TUR,TUR 2020,2020,
TUV,TUV 2020,2020,
TZA,TZA 2020,2020,
UGA,UGA 2020,2020,
UKR,UKR 2020,2020,
UMC,UMC 2020,2020,
URY,URY 2020,2020,
USA,USA 2020,2020,
UZB,UZB 2020,2020,
VCT,VCT 2020,2020,
VEN,VEN 2020,2020,
VGB,VGB 2020,2020,
VIR,VIR 2020,2020,
VNM,VNM 2020,2020,
VUT,VUT 2020,2020,
WLD,WLD 2020,2020,
WSM,WSM 2020,2020,
XKX,XKX 2020,2020,
YEM,YEM 2020,2020,
ZAF,ZAF 2020,2020,
ZMB,ZMB 2020,2020,
ZWE,ZWE 2020,2020,
ABW,ABW 2021,2021,
AFE,AFE 2021,2021,
AFG,AFG 2021,2021,
AFW,AFW 2021,2021,
AGO,AGO 2021,2021,
ALB,ALB 2021,2021,
AND,AND 2021,2021,
ARB,ARB 2021,2021,
ARE,ARE 2021,2021,
ARG,ARG 2021,2021,
ARM,ARM 2021,2021,
ASM,ASM 2021,2021,
ATG,ATG 2021,2021,
AUS,AUS 2021,2021,
AUT,AUT 2021,2021,
AZE,AZE 2021,2021,
BDI,BDI 2021,2021,
BEL,BEL 2021,2021,
BEN,BEN 2021,2021,
BFA,BFA 2021,2021,
BGD,BGD 2021,2021,
BGR,BGR 2021,2021,
BHR,BHR 2021,2021,
BHS,BHS 2021,2021,
BIH,BIH 2021,2021,
BLR,BLR 2021,2021,
BLZ,BLZ 2021,2021,
BMU,BMU 2021,2021,
BOL,BOL 2021,2021,
BRA,BRA 2021,2021,
BRB,BRB 2021,2021,
BRN,BRN 2021,2021,
BTN,BTN 2021,2021,
BWA,BWA 2021,2021,
CAF,CAF 2021,2021,
CAN,CAN 2021,2021,
CEB,CEB 2021,2021,
CHE,CHE 2021,2021,
CHI,CHI 2021,2021,
CHL,CHL 2021,2021,
CHN,CHN 2021,2021,
CIV,CIV 2021,2021,
CMR,CMR 2021,2021,
COD,COD 2021,2021,
COG,COG 2021,2021,
COL,COL 2021,2021,
COM,COM 2021,2021,
CPV,CPV 2021,2021,
CRI,CRI 2021,2021,
CSS,CSS 2021,2021,
CUB,CUB 2021,2021,
CUW,CUW 2021,2021,
CYM,CYM 2021,2021,
CYP,CYP 2021,2021,
CZE,CZE 2021,2021,
DEU,DEU 2021,2021,
DJI,DJI 2021,2021,
DMA,DMA 2021,2021,
DNK,DNK 2021,2021,
DOM,DOM 2021,2021,
DZA,DZA 2021,2021,
EAP,EAP 2021,2021,
EAR,EAR 2021,2021,
EAS,EAS 2021,2021,
ECA,ECA 2021,2021,
ECS,ECS 2021,2021,
ECU,ECU 2021,2021,
EGY,EGY 2021,2021,
EMU,EMU 2021,2021,
ERI,ERI 2021,2021,
ESP,ESP 2021,2021,
EST,EST 2021,2021,
ETH,ETH 2021,2021,
EUU,EUU 2021,2021,
FCS,FCS 2021,2021,
FIN,FIN 2021,2021,
FJI,FJI 2021,2021,
FRA,FRA 2021,2021,
FRO,FRO 2021,2021,
FSM,FSM 2021,2021,
GAB,GAB 2021,2021,
GBR,GBR 2021,2021,
GEO,GEO 2021,2021,
GHA,GHA 2021,2021,
GIB,GIB 2021,2021,
GIN,GIN 2021,2021,
GMB,GMB 2021,2021,
GNB,GNB 2021,2021,
GNQ,GNQ 2021,2021,
GRC,GRC 2021,2021,
GRD,GRD 2021,2021,
GRL,GRL 2021,2021,
GTM,GTM 2021,2021,
GUM,GUM 2021,2021,
GUY,GUY 2021,2021,
HIC,HIC 2021,2021,
HKG,HKG 2021,2021,
HND,HND 2021,2021,
HPC,HPC 2021,2021,
HRV,HRV 2021,2021,
HTI,HTI 2021,2021,
HUN,HUN 2021,2021,
IBD,IBD 2021,2021,
IBT,IBT 2021,2021,
IDA,IDA 2021,2021,
IDB,IDB 2021,2021,
IDN,IDN 2021,2021,
IDX,IDX 2021,2021,
IMN,IMN 2021,2021,
IND,IND 2021,2021,
INX,INX 2021,2021,
IRL,IRL 2021,2021,
IRN,IRN 2021,2021,
IRQ,IRQ 2021,2021,
ISL,ISL 2021,2021,
ISR,ISR 2021,2021,
ITA,ITA 2021,2021,
JAM,JAM 2021,2021,
JOR,JOR 2021,2021,
JPN,JPN 2021,2021,
KAZ,KAZ 2021,2021,
KEN,KEN 2021,2021,
KGZ,KGZ 2021,2021,
KHM,KHM 2021,2021,
KIR,KIR 2021,2021,
KNA,KNA 2021,2021,
KOR,KOR 2021,2021,
KWT,KWT 2021,2021,
LAC,LAC 2021,2021,
LAO,LAO 2021,2021,
LBN,LBN 2021,2021,
LBR,LBR 2021,2021,
LBY,LBY 2021,2021,
LCA,LCA 2021,2021,
LCN,LCN 2021,2021,
LDC,LDC 2021,2021,
LIC,LIC 2021,2021,
LIE,LIE 2021,2021,
LKA,LKA 2021,2021,
LMC,LMC 2021,2021,
LMY,LMY 2021,2021,
LSO,LSO 2021,2021,
LTE,LTE 2021,2021,
LTU,LTU 2021,2021,
LUX,LUX 2021,2021,
LVA,LVA 2021,2021,
MAC,MAC 2021,2021,
MAF,MAF 2021,2021,
MAR,MAR 2021,2021,
MCO,MCO 2021,2021,
MDA,MDA 2021,2021,
MDG,MDG 2021,2021,
MDV,MDV 2021,2021,
MEA,MEA 2021,2021,
MEX,MEX 2021,2021,
MHL,MHL 2021,2021,
MIC,MIC 2021,2021,
MKD,MKD 2021,2021,
MLI,MLI 2021,2021,
MLT,MLT 2021,2021,
MMR,MMR 2021,2021,
MNA,MNA 2021,2021,
MNE,MNE 2021,2021,
MNG,MNG 2021,2021,
MNP,MNP 2021,2021,
MOZ,MOZ 2021,2021,
MRT,MRT 2021,2021,
MUS,MUS 2021,2021,
MWI,MWI 2021,2021,
MYS,MYS 2021,2021,
NAC,NAC 2021,2021,
NAM,NAM 2021,2021,
NCL,NCL 2021,2021,
NER,NER 2021,2021,
NGA,NGA 2021,2021,
NIC,NIC 2021,2021,
NLD,NLD 2021,2021,
NOR,NOR 2021,2021,
NPL,NPL 2021,2021,
NRU,NRU 2021,2021,
NZL,NZL 2021,2021,
OED,OED 2021,2021,
OMN,OMN 2021,2021,
OSS,OSS 2021,2021,
PAK,PAK 2021,2021,
PAN,PAN 2021,2021,
PER,PER 2021,2021,
PHL,PHL 2021,2021,
PLW,PLW 2021,2021,
PNG,PNG 2021,2021,
POL,POL 2021,2021,
PRE,PRE 2021,2021,
PRI,PRI 2021,2021,
PRK,PRK 2021,2021,
PRT,PRT 2021,2021,
PRY,PRY 2021,2021,
PSE,PSE 2021,2021,
PSS,PSS 2021,2021,
PST,PST 2021,2021,
PYF,PYF 2021,2021,
QAT,QAT 2021,2021,
ROU,ROU 2021,2021,
RUS,RUS 2021,2021,
RWA,RWA 2021,2021,
SAS,SAS 2021,2021,
SAU,SAU 2021,2021,
SDN,SDN 2021,2021,
SEN,SEN 2021,2021,
SGP,SGP 2021,2021,
SLB,SLB 2021,2021,
SLE,SLE 2021,2021,
SLV,SLV 2021,2021,
SMR,SMR 2021,2021,
SOM,SOM 2021,2021,
SRB,SRB 2021,2021,
SSA,SSA 2021,2021,
SSD,SSD 2021,2021,
SSF,SSF 2021,2021,
SST,SST 2021,2021,
STP,STP 2021,2021,
SUR,SUR 2021,2021,
SVK,SVK 2021,2021,
SVN,SVN 2021,2021,
SWE,SWE 2021,2021,
SWZ,SWZ 2021,2021,
SXM,SXM 2021,2021,
SYC,SYC 2021,2021,
SYR,SYR 2021,2021,
TCA,TCA 2021,2021,
TCD,TCD 2021,2021,
TEA,TEA 2021,2021,
TEC,TEC 2021,2021,
TGO,TGO 2021,2021,
THA,THA 2021,2021,
TJK,TJK 2021,2021,
TKM,TKM 2021,2021,
TLA,TLA 2021,2021,
TLS,TLS 2021,2021,
TMN,TMN 2021,2021,
TON,TON 2021,2021,
TSA,TSA 2021,2021,
TSS,TSS 2021,2021,
TTO,TTO 2021,2021,
TUN,TUN 2021,2021,
TUR,TUR 2021,2021,
TUV,TUV 2021,2021,
TZA,TZA 2021,2021,
UGA,UGA 2021,2021,
UKR,UKR 2021,2021,
UMC,UMC 2021,2021,
URY,URY 2021,2021,
USA,USA 2021,2021,
UZB,UZB 2021,2021,
VCT,VCT 2021,2021,
VEN,VEN 2021,2021,
VGB,VGB 2021,2021,
VIR,VIR 2021,2021,
VNM,VNM 2021,2021,
VUT,VUT 2021,2021,
WLD,WLD 2021,2021,
WSM,WSM 2021,2021,
XKX,XKX 2021,2021,
YEM,YEM 2021,2021,
ZAF,ZAF 2021,2021,
ZMB,ZMB 2021,2021,
ZWE,ZWE 2021,2021,
