economy,YR2011,YR2012,YR2013,YR2014,YR2015,YR2016,YR2017,YR2018,YR2019,YR2020,YR2021
ABW,43493.0,43864.0,44228.0,44588.0,44943.0,45297.0,45648.0,45999.0,46351.0,46574.0,46734.0
AFE,175415651.0,182558745.0,190108665.0,198073341.0,206556291.0,215083329.0,223732118.0,232922215.0,242451029.0,252315370.0,262376949.0
AFG,7004588.0,7360701.0,7687539.0,8043935.0,8371880.0,8665979.0,8999963.0,9353296.0,9727157.0,10142913.0,10551772.0
AFW,154982054.0,161743874.0,168643432.0,175773257.0,183117253.0,190684610.0,198494008.0,206492202.0,214684207.0,223107995.0,231704052.0
AGO,14683555.0,15432363.0,16211664.0,17017877.0,17845914.0,18702478.0,19586972.0,20488542.0,21410634.0,22338586.0,23276246.0
ALB,1546929.0,1575788.0,1603505.0,1630119.0,1654503.0,1680247.0,1706345.0,1728969.0,1747593.0,1762645.0,1770478.0
AND,62611.0,62940.0,63186.0,63342.0,63384.0,64015.0,65087.0,66058.0,67170.0,68311.0,69438.0
ARB,210892180.0,216302063.0,222497540.0,228834568.0,235145769.0,241256824.0,247298631.0,253599696.0,259953055.0,265438305.0,270693478.0
ARE,7239445.0,7343475.0,7444846.0,7543693.0,7639464.0,7731918.0,7821224.0,7908257.0,7994705.0,8084399.0,8175678.0
ARG,37543830.0,38027774.0,38509756.0,38990109.0,39467043.0,39940546.0,40410674.0,40877099.0,41339571.0,41796990.0,42248949.0
ARM,1855213.0,1843080.0,1832631.0,1823893.0,1815962.0,1807826.0,1799649.0,1791257.0,1783156.0,1776315.0,1770343.0
ASM,47522.0,46937.0,46290.0,45579.0,44812.0,43990.0,43117.0,42203.0,41239.0,40255.0,39257.0
ATG,22292.0,22380.0,22434.0,22465.0,22485.0,22502.0,22518.0,22539.0,22574.0,22641.0,22727.0
AUS,19056040.0,19414834.0,19775013.0,20095657.0,20410546.0,20755798.0,21127403.0,21474309.0,21824008.0,22125378.0,22184739.0
AUT,4792887.0,4817487.0,4861991.0,4916377.0,4988134.0,5058968.0,5110858.0,5153759.0,5196085.0,5238479.0,5283472.0
AZE,4920166.0,5008847.0,5098727.0,5189181.0,5279540.0,5368846.0,5453517.0,5534464.0,5616706.0,5692217.0,5755809.0
BDI,1032093.0,1096506.0,1165374.0,1235881.0,1295625.0,1350704.0,1417430.0,1497829.0,1587191.0,1675149.0,1764450.0
BEL,10784163.0,10856360.0,10912673.0,10966157.0,11034732.0,11095615.0,11143219.0,11198627.0,11263911.0,11316947.0,11374657.0
BEN,4241480.0,4418712.0,4602023.0,4794300.0,4995735.0,5205425.0,5423582.0,5649376.0,5882329.0,6121168.0,6364839.0
BFA,4183204.0,4409695.0,4646488.0,4893865.0,5153071.0,5422969.0,5701421.0,5986896.0,6281301.0,6587430.0,6904253.0
BGD,46903386.0,48658361.0,50463354.0,52301622.0,54148316.0,56057220.0,58016080.0,59960707.0,61911343.0,63916296.0,65957486.0
BGR,5337678.0,5331472.0,5326274.0,5320503.0,5310996.0,5298039.0,5283539.0,5269340.0,5256027.0,5248079.0,5228804.0
BHR,1075052.0,1087280.0,1120807.0,1165795.0,1212293.0,1255867.0,1299292.0,1328001.0,1335714.0,1322423.0,1311407.0
BHS,311718.0,315323.0,318531.0,321687.0,324941.0,327995.0,330887.0,333682.0,336316.0,338367.0,340051.0
BIH,1717279.0,1697524.0,1682852.0,1672688.0,1662529.0,1654095.0,1646947.0,1640392.0,1634179.0,1626683.0,1616664.0
BLR,7114020.0,7150971.0,7195632.0,7246350.0,7302153.0,7354014.0,7390686.0,7418413.0,7445754.0,7455467.0,7463845.0
BLZ,149043.0,152506.0,156082.0,159731.0,163403.0,167109.0,170864.0,174696.0,178462.0,181762.0,184818.0
BMU,64564.0,64798.0,65001.0,65138.0,65237.0,64554.0,63873.0,63918.0,63911.0,63893.0,63867.0
BOL,6952386.0,7114992.0,7273140.0,7428682.0,7584842.0,7741971.0,7899666.0,8058094.0,8217386.0,8369995.0,8513008.0
BRA,167726203.0,169827068.0,171885100.0,173941724.0,175989923.0,177986118.0,179958546.0,181939117.0,183878366.0,185636418.0,187143228.0
BRB,87329.0,87148.0,87016.0,86933.0,86898.0,86919.0,86992.0,87114.0,87298.0,87551.0,87864.0
BRN,302374.0,307643.0,312881.0,318042.0,323086.0,327973.0,332655.0,337123.0,341423.0,345650.0,349858.0
BTN,253839.0,262288.0,270775.0,279212.0,287484.0,295616.0,303711.0,311659.0,319355.0,326894.0,334381.0
BWA,1362903.0,1408979.0,1453914.0,1500166.0,1548038.0,1598067.0,1650064.0,1702405.0,1754091.0,1804813.0,1852275.0
CAF,1851877.0,1880110.0,1904787.0,1917526.0,1941083.0,1991979.0,2047664.0,2107405.0,2175935.0,2254648.0,2327367.0
CAN,27847821.0,28166078.0,28479640.0,28781576.0,29011826.0,29357013.0,29729549.0,30175056.0,30638234.0,31023904.0,31229095.0
CEB,64654506.0,64524893.0,64402919.0,64285250.0,64165146.0,64046460.0,63954111.0,63915976.0,63935741.0,63925372.0,63586308.0
CHE,5825978.0,5889928.0,5959745.0,6034707.0,6105617.0,6174416.0,6234162.0,6283319.0,6332759.0,6384901.0,6440172.0
CHI,49068.0,49266.0,49579.0,49875.0,50217.0,50639.0,51075.0,51706.0,52400.0,52982.0,53552.0
CHL,14963678.0,15120117.0,15276709.0,15441376.0,15611340.0,15809289.0,16070668.0,16375738.0,16686776.0,16931587.0,17118329.0
CHN,679390629.0,700996454.0,722694421.0,744357517.0,765822300.0,787376534.0,809246214.0,829760595.0,848982855.0,866810508.0,882894483.0
CIV,10296507.0,10603000.0,10918491.0,11271041.0,11667173.0,12077997.0,12505013.0,12945592.0,13397744.0,13863304.0,14338150.0
CMR,10666950.0,11098737.0,11546101.0,12036424.0,12559842.0,13083840.0,13605785.0,14136765.0,14687684.0,15248270.0,15815458.0
COD,27835187.0,29167345.0,30579203.0,32071811.0,33617961.0,35265313.0,36983500.0,38719038.0,40499458.0,42376327.0,44336645.0
COG,2920696.0,3024450.0,3120234.0,3218363.0,3319351.0,3423356.0,3530528.0,3640941.0,3753170.0,3867728.0,3984863.0
COL,35492726.0,36031220.0,36556170.0,37069292.0,37584580.0,38152200.0,38896985.0,39804944.0,40703994.0,41470292.0,42109638.0
COM,187888.0,192517.0,197390.0,202507.0,207892.0,213564.0,219237.0,224859.0,230683.0,236852.0,243308.0
CPV,328762.0,335379.0,341874.0,348451.0,355043.0,361750.0,368695.0,375462.0,381965.0,388341.0,394509.0
CRI,3410168.0,3502521.0,3592214.0,3678801.0,3762581.0,3844155.0,3923162.0,3999318.0,4071490.0,4137983.0,4196609.0
CSS,3566759.0,3594354.0,3623046.0,3652047.0,3681386.0,3710316.0,3739234.0,3781949.0,3816926.0,3841826.0,3874297.0
CUB,8664868.0,8683386.0,8698029.0,8709909.0,8719925.0,8725410.0,8726424.0,8726939.0,8726192.0,8723461.0,8700275.0
CUW,135409.0,136353.0,137738.0,139450.0,141158.0,142535.0,142881.0,142040.0,140277.0,137999.0,135666.0
CYM,55492.0,56860.0,58212.0,59559.0,60911.0,62255.0,63581.0,64884.0,66134.0,67311.0,68136.0
CYP,771857.0,777911.0,783467.0,788952.0,794836.0,801155.0,807728.0,814301.0,820924.0,826935.0,831814.0
CZE,7681562.0,7693579.0,7705910.0,7723921.0,7748928.0,7773650.0,7805452.0,7844036.0,7888753.0,7922941.0,7796754.0
DEU,61940177.0,62064608.0,62242278.0,62510392.0,63062064.0,63592936.0,63861626.0,64096118.0,64294010.0,64410589.0,64513567.0
DJI,721944.0,736126.0,750407.0,764703.0,779016.0,793314.0,807720.0,822257.0,836802.0,850998.0,864734.0
DMA,47012.0,47316.0,47473.0,48060.0,48710.0,48968.0,49410.0,49918.0,50561.0,51181.0,51699.0
DNK,4844002.0,4872608.0,4901386.0,4932961.0,4974525.0,5020143.0,5059173.0,5091100.0,5116342.0,5138400.0,5167981.0
DOM,7410669.0,7603609.0,7795435.0,7986119.0,8175446.0,8362698.0,8547288.0,8728047.0,8904426.0,9079123.0,9251516.0
DZA,24935851.0,25678117.0,26439316.0,27217778.0,28015534.0,28826081.0,29639704.0,30451166.0,31255632.0,32038217.0,32807002.0
EAP,965894856.0,994473135.0,1023177946.0,1051853331.0,1080375610.0,1109067236.0,1138074091.0,1165687408.0,1191998162.0,1216850621.0,1239686383.0
EAR,1266355697.0,1295870129.0,1326036760.0,1357236002.0,1389523758.0,1421569050.0,1453160846.0,1484856270.0,1516787804.0,1548266308.0,1578900496.0
EAS,1177159568.0,1206613250.0,1236097364.0,1265610762.0,1294988514.0,1324556747.0,1354328520.0,1382700114.0,1409751117.0,1434881782.0,1457042236.0
ECA,252203843.0,254248697.0,256569372.0,259075459.0,261665732.0,264115588.0,266247392.0,268004656.0,269739792.0,271288116.0,272552372.0
ECS,630961782.0,634989639.0,639571136.0,644384592.0,649265373.0,654007193.0,658228229.0,662118330.0,665705220.0,668965453.0,671416247.0
ECU,9577064.0,9752988.0,9925137.0,10095187.0,10267878.0,10444726.0,10630944.0,10859572.0,11097565.0,11285898.0,11454802.0
EGY,38356023.0,39184092.0,40052578.0,40950796.0,41811127.0,42639712.0,43469157.0,44301456.0,45130858.0,45976808.0,46831955.0
EMU,253287677.0,254568545.0,256128892.0,257681423.0,259180525.0,260667414.0,261973277.0,263365458.0,264481968.0,265634146.0,266563346.0
ERI,1147380.0,1183034.0,1218964.0,1249275.0,1276083.0,1306640.0,1340124.0,1380906.0,1424439.0,1470245.0,1519988.0
ESP,36773882.0,36904876.0,36891840.0,36890017.0,36971015.0,37112875.0,37311863.0,37588424.0,37974181.0,38276186.0,38433310.0
EST,902194.0,899089.0,897846.0,897427.0,899949.0,902145.0,905267.0,910578.0,916236.0,920415.0,923866.0
ETH,16283910.0,17152352.0,18033421.0,18949891.0,19908240.0,20917553.0,21975004.0,23073805.0,24222096.0,25424568.0,26671558.0
EUU,322501582.0,323810708.0,325407780.0,327011738.0,328571822.0,330147530.0,331569232.0,333091521.0,334356258.0,335592576.0,336283387.0
FCS,321936916.0,332341553.0,343357557.0,354372409.0,365740044.0,377391735.0,389236616.0,401124372.0,413500046.0,426677006.0,440250666.0
FIN,4543014.0,4593267.0,4629925.0,4651843.0,4669930.0,4686120.0,4699884.0,4709266.0,4717991.0,4728699.0,4742889.0
FJI,478549.0,484647.0,490579.0,496380.0,501947.0,507262.0,512280.0,516917.0,521229.0,526914.0,533870.0
FRA,51375729.0,51793062.0,52230911.0,52647802.0,53009026.0,53323902.0,53654868.0,54024861.0,54388182.0,54715704.0,55041156.0
FRO,19881.0,19950.0,20027.0,20113.0,20326.0,20680.0,21053.0,21434.0,21822.0,22223.0,22522.0
FSM,24064.0,24162.0,24280.0,24420.0,24581.0,24762.0,24966.0,25184.0,25408.0,25709.0,26097.0
GAB,1525981.0,1591211.0,1657904.0,1723968.0,1787489.0,1847523.0,1904278.0,1959001.0,2012698.0,2065425.0,2116964.0
GBR,51600211.0,52130345.0,52650595.0,53209683.0,53802927.0,54382825.0,54923317.0,55426598.0,55909924.0,56282971.0,56656654.0
GEO,2100564.0,2099468.0,2107360.0,2122558.0,2140097.0,2155877.0,2170854.0,2184950.0,2196346.0,2213266.0,2220419.0
GHA,13468281.0,13986163.0,14519202.0,15062212.0,15615136.0,16180685.0,16745249.0,17306081.0,17875345.0,18455138.0,19038233.0
GIB,31701.0,32160.0,32411.0,32452.0,32520.0,32565.0,32602.0,32648.0,32685.0,32709.0,32669.0
GIN,3575843.0,3695666.0,3819098.0,3948091.0,4085492.0,4230727.0,4381346.0,4537328.0,4700302.0,4869400.0,5042529.0
GMB,1126672.0,1176942.0,1228599.0,1281189.0,1334486.0,1388423.0,1442972.0,1498000.0,1553776.0,1610858.0,1669008.0
GNB,651781.0,676093.0,701342.0,727221.0,753546.0,780290.0,807291.0,834660.0,862607.0,890915.0,919432.0
GNQ,772460.0,823609.0,865086.0,907703.0,951178.0,995169.0,1039364.0,1083654.0,1127920.0,1166712.0,1202330.0
GRC,8511794.0,8505100.0,8482139.0,8463623.0,8445266.0,8446960.0,8466513.0,8485202.0,8511650.0,8528388.0,8517020.0
GRD,41208.0,41576.0,41979.0,42397.0,42829.0,43274.0,43730.0,44193.0,44667.0,45183.0,45724.0
GRL,48217.0,48402.0,48322.0,48308.0,48298.0,48503.0,48629.0,48637.0,48945.0,49198.0,49575.0
GTM,7072123.0,7243152.0,7418337.0,7597137.0,7779195.0,7964335.0,8153103.0,8345772.0,8540945.0,8738685.0,8938987.0
GUM,156021.0,156869.0,157639.0,158243.0,158796.0,159284.0,159668.0,159873.0,159955.0,160665.0,162033.0
GUY,196477.0,196407.0,197319.0,198400.0,199638.0,201021.0,202552.0,208994.0,213179.0,213539.0,216404.0
HIC,943832637.0,951139649.0,958580837.0,966099548.0,973637991.0,981367682.0,988569205.0,995637723.0,1002221498.0,1008611990.0,1010683527.0
HKG,7071600.0,7150100.0,7178900.0,7229500.0,7291300.0,7336600.0,7393200.0,7452600.0,7507900.0,7481000.0,7413100.0
HND,4530522.0,4677715.0,4826031.0,4975954.0,5127314.0,5280355.0,5435026.0,5591326.0,5749232.0,5906960.0,6062373.0
HPC,213704750.0,222680240.0,232024198.0,241897121.0,252221017.0,263047946.0,274358545.0,285967553.0,297925542.0,310330898.0,323069791.0
HRV,2368126.0,2368751.0,2370674.0,2370234.0,2360534.0,2354458.0,2337248.0,2327904.0,2327032.0,2329561.0,2256663.0
HTI,4827045.0,5001402.0,5177805.0,5356730.0,5538261.0,5720767.0,5903901.0,6087446.0,6271273.0,6454827.0,6635469.0
HUN,6916190.0,6912310.0,6920508.0,6928924.0,6939335.0,6946267.0,6955524.0,6974963.0,7000436.0,7014452.0,7014911.0
IBD,2274477704.0,2326601285.0,2380491077.0,2435285428.0,2489744230.0,2543322236.0,2596413659.0,2647802304.0,2697553389.0,2745121628.0,2789150013.0
IBT,2755915238.0,2825400876.0,2896559639.0,2969073351.0,3042385784.0,3115801428.0,3189667379.0,3262701033.0,3335037420.0,3406102592.0,3474297025.0
IDA,481437534.0,498799591.0,516068562.0,533787923.0,552641554.0,572479192.0,593253720.0,614898729.0,637484031.0,660980964.0,685147012.0
IDB,188744530.0,195246877.0,201726825.0,208293654.0,214912950.0,221601322.0,228567551.0,235895915.0,243500450.0,251469607.0,259746916.0
IDN,125020092.0,128304189.0,131589503.0,134866535.0,138129702.0,141370295.0,144572428.0,147754731.0,150925974.0,153983073.0,156833203.0
IDX,292693004.0,303552714.0,314341737.0,325494269.0,337728604.0,350877870.0,364686169.0,379002814.0,393983581.0,409511357.0,425400096.0
IMN,43872.0,43895.0,43836.0,43762.0,43673.0,43680.0,43844.0,44056.0,44262.0,44459.0,44723.0
IND,393333604.0,403171286.0,413200994.0,423338709.0,433595954.0,444186310.0,455009748.0,465871825.0,476786386.0,487702168.0,498179071.0
INX,,,,,,,,,,,
IRL,2827835.0,2849043.0,2873286.0,2903635.0,2940510.0,2983355.0,3026107.0,3074684.0,3128618.0,3173345.0,3216796.0
IRN,54356195.0,55484160.0,56721882.0,58236086.0,60000125.0,61546643.0,62866706.0,64125842.0,65261618.0,66230561.0,67125144.0
IRQ,22427635.0,23512763.0,24693559.0,25633615.0,26400640.0,27124936.0,27844960.0,28605484.0,29376265.0,30169923.0,30960655.0
ISL,298556.0,300190.0,303150.0,306653.0,309974.0,314424.0,322016.0,330898.0,338406.0,344101.0,349960.0
ISR,7136149.0,7274496.0,7417238.0,7566988.0,7724692.0,7884198.0,8045513.0,8209306.0,8375041.0,8531985.0,8677993.0
ITA,40641670.0,40894259.0,41548775.0,42109853.0,42247229.0,42351339.0,42462869.0,42559879.0,42249963.0,42224765.0,42172384.0
JAM,1481009.0,1493944.0,1507196.0,1519915.0,1532278.0,1544229.0,1555222.0,1565461.0,1575291.0,1588216.0,1601946.0
JOR,6197912.0,6359781.0,6858003.0,7792223.0,8569127.0,9018612.0,9270152.0,9516281.0,9757520.0,9990818.0,10214721.0
JPN,116416235.0,116331281.0,116262976.0,116208079.0,116182717.0,116219897.0,116223820.0,116179166.0,116119928.0,115884871.0,115459909.0
KAZ,9421048.0,9566957.0,9718100.0,9874723.0,10032906.0,10189588.0,10342139.0,10495801.0,10652767.0,10816580.0,10986561.0
KEN,10219218.0,10658602.0,11105820.0,11559254.0,12021155.0,12502904.0,13001604.0,13502378.0,14015215.0,14553419.0,15102890.0
KGZ,1949521.0,1986238.0,2031430.0,2079480.0,2131200.0,2185215.0,2239720.0,2298401.0,2362388.0,2425088.0,2485736.0
KHM,3011402.0,3110665.0,3212182.0,3315806.0,3420840.0,3528344.0,3637892.0,3747983.0,3858254.0,3973287.0,4092180.0
KIR,52996.0,54784.0,56573.0,58381.0,60243.0,62160.0,64107.0,66091.0,68128.0,70306.0,72601.0
KNA,14837.0,14825.0,14791.0,14760.0,14732.0,14714.0,14705.0,14699.0,14695.0,14694.0,14713.0
KOR,40909592.0,41089082.0,41240244.0,41463573.0,41645542.0,41774264.0,41861498.0,42020672.0,42152095.0,42201956.0,42127573.0
KWT,3143825.0,3394663.0,3646518.0,3761584.0,3908743.0,4048085.0,4124904.0,4317185.0,4441100.0,4360444.0,4250114.0
LAC,418269352.0,424604252.0,430842016.0,437037355.0,443212119.0,449422888.0,455795478.0,462369738.0,468832625.0,474691777.0,479899567.0
LAO,1967246.0,2034912.0,2103788.0,2173853.0,2247179.0,2324870.0,2405044.0,2487036.0,2570736.0,2656210.0,2742742.0
LBN,4413617.0,4538087.0,4985463.0,5518096.0,5637850.0,5524233.0,5402350.0,5272027.0,5131905.0,5035754.0,4982643.0
LBR,2015022.0,2104489.0,2168719.0,2232447.0,2297862.0,2365002.0,2431748.0,2500972.0,2573157.0,2650072.0,2730335.0
LBY,4843884.0,4608552.0,4713721.0,4817782.0,4908585.0,4996859.0,5090937.0,5188842.0,5281087.0,5369132.0,5455170.0
LCA,31761.0,31941.0,32118.0,32307.0,32517.0,32739.0,32974.0,33226.0,33491.0,33770.0,34026.0
LCN,469524671.0,476387252.0,483150473.0,489854175.0,496525353.0,503147437.0,509636804.0,515837393.0,521945599.0,527782335.0,532978690.0
LDC,259055552.0,269849448.0,281078448.0,292779398.0,304882547.0,317574026.0,330795768.0,344339100.0,358306106.0,372846712.0,387803426.0
LIC,168676091.0,174842240.0,180779519.0,186912006.0,193929402.0,201638507.0,209853209.0,218517548.0,227761784.0,237349346.0,247129654.0
LIE,5215.0,5245.0,5276.0,5310.0,5343.0,5379.0,5424.0,5474.0,5530.0,5587.0,5649.0
LKA,3714770.0,3716533.0,3746058.0,3785336.0,3828283.0,3882481.0,3942265.0,4003749.0,4052088.0,4101702.0,4178622.0
LMC,1130922560.0,1161654015.0,1193288207.0,1225660705.0,1258365298.0,1291311833.0,1324700256.0,1358481166.0,1392531817.0,1426963556.0,1461124304.0
LMY,2699096714.0,2768319922.0,2839238809.0,2911524374.0,2984633485.0,3057914041.0,3131897864.0,3205493579.0,3278474676.0,3349951692.0,3418561466.0
LSO,515736.0,528145.0,541319.0,555281.0,570052.0,585642.0,601912.0,618808.0,636217.0,654320.0,672573.0
LTE,1234916745.0,1263628106.0,1292827614.0,1321982899.0,1350567898.0,1379057974.0,1407844671.0,1435285330.0,1461305143.0,1485116071.0,1506333928.0
LTU,2020994.0,1997745.0,1981238.0,1967853.0,1952971.0,1932212.0,1909625.0,1896056.0,1895962.0,1901807.0,1911545.0
LUX,460842.0,473864.0,486709.0,500042.0,513663.0,526490.0,541038.0,553119.0,565584.0,576537.0,586759.0
LVA,1397904.0,1381242.0,1367090.0,1354815.0,1344323.0,1332897.0,1322185.0,1313215.0,1305648.0,1298292.0,1289387.0
MAC,571003.0,582766.0,593374.0,604167.0,615239.0,626688.0,638609.0,650991.0,663653.0,676283.0,686607.0
MAF,,,,,,,,,,,
MAR,19275316.0,19725140.0,20180706.0,20636838.0,21088840.0,21541817.0,21994745.0,22437808.0,22869599.0,23309111.0,23753114.0
MCO,33945.0,34700.0,35425.0,36110.0,36760.0,37071.0,37044.0,37029.0,37034.0,36922.0,36686.0
MDA,1218343.0,1217297.0,1216084.0,1214457.0,1205007.0,1191662.0,1172526.0,1154054.0,1138316.0,1129127.0,1124483.0
MDG,7281030.0,7630993.0,7991167.0,8362745.0,8745781.0,9143976.0,9557640.0,9984497.0,10424320.0,10876290.0,11336960.0
MDV,137977.0,144424.0,151014.0,158802.0,167825.0,176949.0,186048.0,194963.0,203004.0,209217.0,214329.0
MEA,254476115.0,260609701.0,267522878.0,274769467.0,282176862.0,289100440.0,295656568.0,302396489.0,309063077.0,314666352.0,319928723.0
MEX,89164082.0,90758420.0,92306597.0,93808838.0,95260846.0,96701350.0,98108030.0,99404550.0,100623628.0,101719689.0,102651435.0
MHL,39219.0,38890.0,38486.0,38008.0,37458.0,36840.0,36161.0,35426.0,34627.0,33773.0,32867.0
MIC,2530420623.0,2593477682.0,2658459290.0,2724612368.0,2790704083.0,2856275534.0,2922044655.0,2986976031.0,3050712892.0,3112602346.0,3171431812.0
MKD,1175261.0,1177371.0,1180399.0,1184330.0,1188475.0,1192987.0,1197983.0,1203438.0,1208802.0,1212058.0,1213985.0
MLI,5902462.0,6209357.0,6529209.0,6879609.0,7243533.0,7626464.0,8028117.0,8443371.0,8871964.0,9319264.0,9786489.0
MLT,391879.0,395713.0,401597.0,409992.0,420192.0,430220.0,442474.0,458518.0,477236.0,488246.0,491624.0
MMR,14477757.0,14696854.0,14919480.0,15142977.0,15372077.0,15610256.0,15854871.0,16104740.0,16363966.0,16636518.0,16918421.0
MNA,206452895.0,211056972.0,216421809.0,222267423.0,228231045.0,233682637.0,238848263.0,244182047.0,249603826.0,254878842.0,260037321.0
MNE,399777.0,402174.0,404636.0,407105.0,409418.0,411597.0,413735.0,415729.0,417692.0,419307.0,419986.0
MNG,1864863.0,1899635.0,1937464.0,1978651.0,2022848.0,2069095.0,2116539.0,2165594.0,2215604.0,2261792.0,2302772.0
MNP,47808.0,47703.0,47547.0,47331.0,47062.0,46758.0,46432.0,46088.0,45724.0,45520.0,45468.0
MOZ,7683170.0,8043201.0,8423977.0,8821392.0,9234077.0,9673277.0,10129295.0,10589065.0,11062722.0,11559020.0,12069961.0
MRT,1673772.0,1759879.0,1845503.0,1929389.0,2016084.0,2105443.0,2197486.0,2292177.0,2389505.0,2488943.0,2590523.0
MUS,519046.0,519081.0,518842.0,518383.0,517668.0,516887.0,516481.0,516155.0,515980.0,515916.0,516236.0
MWI,2373696.0,2463707.0,2558516.0,2658225.0,2763250.0,2872972.0,2988658.0,3110968.0,3240276.0,3376840.0,3519490.0
MYS,20898466.0,21436918.0,21977315.0,22519314.0,23057113.0,23594371.0,24124786.0,24635110.0,25130176.0,25617115.0,26085557.0
NAC,280120518.0,282845297.0,285498217.0,288277446.0,291027807.0,293894567.0,296582138.0,299083003.0,301439741.0,305119850.0,306343265.0
NAM,909166.0,947033.0,986650.0,1027878.0,1070588.0,1114303.0,1158740.0,1203610.0,1248816.0,1295152.0,1341107.0
NCL,171852.0,176182.0,180545.0,184770.0,186949.0,188670.0,190260.0,191671.0,192855.0,193907.0,194938.0
NER,2802629.0,2910768.0,3023310.0,3141947.0,3270216.0,3408152.0,3554150.0,3708282.0,3872145.0,4045711.0,4230083.0
NGA,73409645.0,76952556.0,80580193.0,84275849.0,88019904.0,91848722.0,95817238.0,99876265.0,104004479.0,108242753.0,112560662.0
NIC,3393970.0,3456081.0,3518949.0,3582406.0,3646573.0,3711507.0,3778085.0,3846202.0,3915722.0,3986789.0,4060795.0
NLD,14669707.0,14842886.0,14987369.0,15126226.0,15275237.0,15435425.0,15602670.0,15765213.0,15935776.0,16087342.0,16230689.0
NOR,3935476.0,4008535.0,4078226.0,4145335.0,4207493.0,4265348.0,4320306.0,4368945.0,4418218.0,4463566.0,4506374.0
NPL,4664736.0,4771393.0,4878024.0,4993160.0,5123648.0,5277466.0,5449547.0,5627225.0,5810613.0,6038773.0,6309750.0
NRU,10283.0,10444.0,10694.0,10940.0,11185.0,11437.0,11682.0,11924.0,12132.0,12315.0,12511.0
NZL,3774624.0,3798063.0,3830023.0,3896881.0,3979802.0,4072982.0,4162127.0,4240881.0,4312734.0,4413152.0,4445853.0
OED,1027761520.0,1036720452.0,1045970703.0,1055611248.0,1065186798.0,1074888213.0,1084145276.0,1093069028.0,1101380106.0,1110238801.0,1115203157.0
OMN,2443090.0,2742336.0,3010674.0,3213227.0,3410010.0,3628408.0,3795173.0,3889772.0,3932743.0,3919863.0,3934799.0
OSS,15699289.0,16177235.0,16705046.0,17303783.0,17934319.0,18545164.0,19100755.0,19587387.0,20039708.0,20367677.0,20655722.0
PAK,69912136.0,71597051.0,73126866.0,74593651.0,76003799.0,77368591.0,78853074.0,80566744.0,82410851.0,84437669.0,86636953.0
PAN,2413758.0,2468484.0,2524214.0,2581031.0,2639227.0,2698732.0,2759313.0,2820253.0,2880619.0,2937968.0,2992584.0
PER,22584945.0,22848874.0,23126579.0,23425055.0,23757776.0,24140046.0,24563784.0,25089127.0,25635888.0,26076625.0,26466645.0
PHL,43854945.0,44812533.0,45765340.0,46703825.0,47687037.0,48740780.0,49827667.0,50926384.0,52043445.0,53187498.0,54302696.0
PLW,13773.0,13674.0,13685.0,13795.0,13908.0,14035.0,14156.0,14279.0,14417.0,14555.0,14686.0
PNG,1014863.0,1042006.0,1070117.0,1099324.0,1129724.0,1161342.0,1194221.0,1228566.0,1264379.0,1301089.0,1338796.0
POL,23134846.0,23086831.0,23025350.0,22960228.0,22897449.0,22849639.0,22824769.0,22806875.0,22793332.0,22755739.0,22676585.0
PRE,285809783.0,298783720.0,312300609.0,326105328.0,340184841.0,354766158.0,369902581.0,385466105.0,401490991.0,418085743.0,435065831.0
PRI,3449657.0,3406460.0,3366210.0,3310445.0,3251779.0,3188713.0,3112035.0,2988277.0,2988531.0,3070896.0,3054454.0
PRK,15008319.0,15116334.0,15230608.0,15351564.0,15477354.0,15607248.0,15737956.0,15869758.0,16002886.0,16136385.0,16269323.0
PRT,6457743.0,6494283.0,6520333.0,6546012.0,6578828.0,6617169.0,6659350.0,6706183.0,6764658.0,6827994.0,6902258.0
PRY,3482053.0,3548485.0,3615222.0,3683303.0,3753105.0,3824264.0,3895863.0,3968124.0,4040715.0,4115703.0,4189606.0
PSE,2888204.0,2969835.0,3051946.0,3134764.0,3218283.0,3302741.0,3380930.0,3479999.0,3581448.0,3685020.0,3790664.0
PSS,864348.0,879357.0,894479.0,909747.0,925015.0,940354.0,955660.0,970881.0,986096.0,1003495.0,1022974.0
PST,863058781.0,868544525.0,874169758.0,879980930.0,885810456.0,891748308.0,897126460.0,902327230.0,907057121.0,912533657.0,914119493.0
PYF,173695.0,176132.0,177379.0,178657.0,179983.0,181215.0,182541.0,184022.0,185516.0,187115.0,188701.0
QAT,1778949.0,1880829.0,2010770.0,2189397.0,2389099.0,2569604.0,2686753.0,2742800.0,2784440.0,2739268.0,2668826.0
ROU,10871606.0,10826124.0,10778604.0,10730940.0,10678041.0,10619522.0,10565369.0,10515554.0,10476962.0,10440610.0,10387640.0
RUS,105407937.0,105669982.0,105998572.0,106354644.0,106703732.0,107050095.0,107349517.0,107539205.0,107708298.0,107700434.0,107492288.0
RWA,1791521.0,1836678.0,1881346.0,1928885.0,1979769.0,2034934.0,2094446.0,2156849.0,2222128.0,2291674.0,2364984.0
SAS,525925036.0,539682037.0,553524624.0,567494427.0,581527189.0,595910612.0,610760436.0,625890168.0,641220797.0,656875632.0,672362364.0
SAU,24814831.0,25433937.0,26048619.0,26651368.0,27241324.0,27869503.0,28592972.0,29360603.0,30118272.0,30340882.0,30380961.0
SDN,11429725.0,11724384.0,12059405.0,12466023.0,12937739.0,13435884.0,13981657.0,14549314.0,15103564.0,15666605.0,16250768.0
SEN,5689594.0,5901794.0,6120588.0,6347549.0,6584032.0,6829288.0,7084752.0,7350111.0,7624852.0,7909390.0,8202086.0
SGP,5183688.0,5312437.0,5399162.0,5469724.0,5535002.0,5607283.0,5612253.0,5638676.0,5703569.0,5685807.0,5453566.0
SLB,113557.0,119060.0,124818.0,130801.0,136991.0,143352.0,149877.0,156565.0,163416.0,170517.0,177869.0
SLE,2595229.0,2691132.0,2788451.0,2887123.0,2986549.0,3089590.0,3196631.0,3306062.0,3418614.0,3534267.0,3652200.0
SLV,4070597.0,4139585.0,4208463.0,4276749.0,4343053.0,4406672.0,4466558.0,4520410.0,4568607.0,4621633.0,4679934.0
SMR,31183.0,31863.0,32077.0,32240.0,32475.0,32789.0,33059.0,33209.0,33278.0,33156.0,32942.0
SOM,5008903.0,5169951.0,5413081.0,5680248.0,5952201.0,6262554.0,6598376.0,6930523.0,7280121.0,7630345.0,7974917.0
SRB,3994308.0,3985121.0,3973872.0,3963388.0,3951845.0,3939250.0,3927608.0,3916682.0,3907389.0,3894281.0,3871714.0
SSA,330350732.0,344254829.0,358703042.0,373796379.0,389621790.0,405715080.0,422172204.0,439359562.0,457079474.0,475366704.0,494023459.0
SSD,1847027.0,1949511.0,2045176.0,2088586.0,2110349.0,2112741.0,2061940.0,2039044.0,2078981.0,2142352.0,2204901.0
SSF,330397705.0,344302619.0,358752097.0,373846598.0,389673544.0,405767939.0,422226126.0,439414417.0,457135236.0,475423365.0,494081001.0
SST,20130396.0,20650946.0,21222571.0,21865577.0,22540720.0,23195834.0,23795649.0,24340217.0,24842730.0,25212998.0,25552993.0
STP,122908.0,127553.0,132158.0,136694.0,141137.0,145477.0,149719.0,153865.0,157941.0,162568.0,167493.0
SUR,365940.0,369514.0,372995.0,376497.0,380136.0,383992.0,388030.0,392208.0,396769.0,401567.0,405913.0
SVK,2937801.0,2935234.0,2930811.0,2926070.0,2922832.0,2922095.0,2923642.0,2926332.0,2930459.0,2934665.0,2931708.0
SVN,1085605.0,1092516.0,1098614.0,1104335.0,1109788.0,1115536.0,1121491.0,1131123.0,1144894.0,1158811.0,1168445.0
SWE,8059895.0,8150488.0,8250182.0,8362604.0,8481489.0,8618398.0,8764881.0,8896291.0,9015406.0,9108648.0,9190703.0
SWZ,250919.0,253954.0,257202.0,260626.0,264207.0,268025.0,272016.0,276170.0,280485.0,285376.0,290545.0
SXM,33435.0,34640.0,36607.0,37685.0,38825.0,39969.0,40574.0,40895.0,41608.0,42310.0,42846.0
SYC,46973.0,47790.0,49055.0,50219.0,51754.0,52859.0,53922.0,54855.0,55762.0,56661.0,57542.0
SYR,12406434.0,12106417.0,11291540.0,10337199.0,10018957.0,10019763.0,10156105.0,10471390.0,11018062.0,11523597.0,11968088.0
TCA,27940.0,29223.0,30733.0,32134.0,33686.0,35384.0,36982.0,38624.0,40219.0,41445.0,42332.0
TCD,2716552.0,2824191.0,2940466.0,3064321.0,3183683.0,3309161.0,3448331.0,3598175.0,3754173.0,3914834.0,4085514.0
TEA,950849298.0,979320308.0,1007911742.0,1036467128.0,1064864629.0,1093427435.0,1122304700.0,1149787371.0,1175966169.0,1200686296.0,1223390314.0
TEC,288578421.0,290530403.0,292744000.0,295136861.0,297601756.0,299939207.0,301974778.0,303654989.0,305337118.0,306814026.0,307873260.0
TGO,2566655.0,2669941.0,2775764.0,2884669.0,2996765.0,3112655.0,3232367.0,3355626.0,3482542.0,3613424.0,3748225.0
THA,30713268.0,31428409.0,32140444.0,32841765.0,33526210.0,34207697.0,34881915.0,35527626.0,36147331.0,36759934.0,37349283.0
TJK,2064612.0,2112022.0,2163443.0,2219388.0,2279505.0,2342835.0,2408285.0,2476827.0,2549842.0,2624955.0,2703303.0
TKM,2617416.0,2684307.0,2754527.0,2827102.0,2901495.0,2977004.0,3053007.0,3129150.0,3205334.0,3282480.0,3361056.0
TLA,456600087.0,463478372.0,470257313.0,476995678.0,483705904.0,490376339.0,496934006.0,503252040.0,509355722.0,515109451.0,520343429.0
TLS,312513.0,323419.0,334284.0,345177.0,355594.0,365532.0,375606.0,385847.0,396257.0,407158.0,418673.0
TMN,203564691.0,208087137.0,213369863.0,219132659.0,225012762.0,230379896.0,235467333.0,240702048.0,246022378.0,251193822.0,256246657.0
TON,25227.0,25193.0,25040.0,24874.0,24700.0,24547.0,24424.0,24322.0,24251.0,24313.0,24494.0
TSA,525925036.0,539682037.0,553524624.0,567494427.0,581527189.0,595910612.0,610760436.0,625890168.0,641220797.0,656875632.0,672362364.0
TSS,330397705.0,344302619.0,358752097.0,373846598.0,389673544.0,405767939.0,422226126.0,439414417.0,457135236.0,475423365.0,494081001.0
TTO,764482.0,767698.0,771222.0,774842.0,778552.0,782418.0,786693.0,800264.0,808418.0,807867.0,812644.0
TUN,7384954.0,7511197.0,7627127.0,7745627.0,7865762.0,7986686.0,8107611.0,8227235.0,8344632.0,8460667.0,8570328.0
TUR,52961615.0,54180184.0,55541423.0,57081960.0,58628348.0,60062918.0,61275130.0,62225395.0,63137198.0,64031267.0,64911679.0
TUV,5971.0,6167.0,6312.0,6407.0,6497.0,6581.0,6662.0,6778.0,6926.0,7086.0,7259.0
TZA,13366889.0,14093565.0,14872630.0,15703729.0,16612464.0,17589735.0,18597942.0,19620628.0,20656040.0,21736651.0,22862550.0
UGA,6625186.0,6999978.0,7392635.0,7813809.0,8267505.0,8766415.0,9307879.0,9869870.0,10462825.0,11080727.0,11717016.0
UKR,31395053.0,31360012.0,31330995.0,31223300.0,31183829.0,31122532.0,31043768.0,30946609.0,30836427.0,30719437.0,30548582.0
UMC,1399498063.0,1431823667.0,1465171083.0,1498951663.0,1532338785.0,1564963701.0,1597344399.0,1628494865.0,1658181075.0,1685638790.0,1710307508.0
URY,3180512.0,3193778.0,3206813.0,3220213.0,3234208.0,3247994.0,3259303.0,3267136.0,3271594.0,3275291.0,3275607.0
USA,252208133.0,254614421.0,256953576.0,259430732.0,261950744.0,264473000.0,266788716.0,268844029.0,270737596.0,274032053.0,275050303.0
UZB,15007103.0,15199882.0,15408910.0,15640290.0,15884192.0,16130961.0,16372437.0,16635580.0,16935578.0,17258430.0,17606637.0
VCT,53651.0,53776.0,53890.0,54053.0,54267.0,54436.0,54657.0,54955.0,55205.0,55488.0,55768.0
VEN,25636044.0,25970224.0,26297143.0,26613545.0,26913166.0,27103212.0,26951752.0,26308612.0,25564613.0,25151087.0,24907533.0
VGB,12626.0,12932.0,13141.0,13389.0,13680.0,13965.0,14230.0,14477.0,14728.0,14996.0,15225.0
VIR,102617.0,102691.0,102715.0,102718.0,102703.0,102656.0,102564.0,102422.0,102223.0,101974.0,101678.0
VNM,27458906.0,28354957.0,29272925.0,30212637.0,31168990.0,32137965.0,33111857.0,34092278.0,35081096.0,36088619.0,37088534.0
VUT,61720.0,63456.0,65254.0,67107.0,69002.0,70980.0,73033.0,75139.0,77300.0,79558.0,81907.0
WLD,3668565395.0,3745429795.0,3824116789.0,3904237467.0,3985184642.0,4066384935.0,4147418821.0,4227439914.0,4306260787.0,4383714769.0,4454152526.0
WSM,38989.0,38880.0,38758.0,38634.0,38503.0,38398.0,38312.0,38256.0,38262.0,38449.0,38813.0
XKX,,,,,,,,,,,
YEM,8244926.0,8642705.0,9055561.0,9481916.0,9917199.0,10361240.0,10817186.0,11282260.0,11758398.0,12238236.0,12713103.0
ZAF,32906089.0,33625925.0,34367596.0,35197669.0,36223620.0,36866878.0,37298236.0,38047715.0,38834681.0,39605450.0,40295863.0
ZMB,5685070.0,5950059.0,6225773.0,6512613.0,6809146.0,7115902.0,7434012.0,7762359.0,8100644.0,8447250.0,8800295.0
ZWE,4300463.0,4355539.0,4426387.0,4503674.0,4584076.0,4667645.0,4755312.0,4848158.0,4945719.0,5052214.0,5166388.0
